date,bullish_prob,bearish_prob,net_prob,mean_drift
2022-01-07,0.8333333333333334,0.16666666666666666,0.6666666666666666,5.430766666666663
2022-01-08,0.8333333333333334,0.16666666666666666,0.6666666666666666,5.2955333333333385
2022-01-09,0.8333333333333334,0.16666666666666666,0.6666666666666666,5.510566666666676
2022-01-10,1.0,0.0,1.0,5.445733333333339
2022-01-11,1.0,0.0,1.0,6.09883333333332
2022-01-12,1.0,0.0,1.0,6.045433333333325
2022-01-13,0.8333333333333334,0.16666666666666666,0.6666666666666666,6.334733333333332
2022-01-14,1.0,0.0,1.0,6.6037000000000035
2022-01-15,1.0,0.0,1.0,6.281033333333336
2022-01-16,1.0,0.0,1.0,6.233066666666673
2022-01-17,0.8333333333333334,0.16666666666666666,0.6666666666666666,6.399666666666673
2022-01-18,0.8333333333333334,0.16666666666666666,0.6666666666666666,6.524566666666672
2022-01-19,0.8333333333333334,0.16666666666666666,0.6666666666666666,6.531200000000003
2022-01-20,0.8333333333333334,0.16666666666666666,0.6666666666666666,6.703733333333335
2022-01-21,0.8333333333333334,0.16666666666666666,0.6666666666666666,6.74613333333333
2022-01-22,1.0,0.0,1.0,6.421966666666665
2022-01-23,0.8333333333333334,0.16666666666666666,0.6666666666666666,6.491866666666674
2022-01-24,1.0,0.0,1.0,6.7410333333333385
2022-01-25,1.0,0.0,1.0,6.863833333333332
2022-01-26,1.0,0.0,1.0,6.928133333333335
2022-01-27,0.8333333333333334,0.16666666666666666,0.6666666666666666,7.030233333333342
2022-01-28,1.0,0.0,1.0,6.923433333333342
2022-01-29,1.0,0.0,1.0,6.998933333333326
2022-01-30,1.0,0.0,1.0,6.894699999999996
2022-01-31,1.0,0.0,1.0,6.91869999999999
2022-02-01,1.0,0.0,1.0,6.812899999999999
2022-02-02,1.0,0.0,1.0,6.995500000000011
2022-02-03,1.0,0.0,1.0,7.083899999999997
2022-02-07,1.0,0.0,1.0,6.97763333333333
2022-02-08,1.0,0.0,1.0,6.742399999999999
2022-02-09,1.0,0.0,1.0,6.725233333333324
2022-02-10,1.0,0.0,1.0,7.02106666666667
2022-02-11,1.0,0.0,1.0,6.835433333333334
2022-02-12,1.0,0.0,1.0,6.627399999999992
2022-02-13,1.0,0.0,1.0,6.702833333333324
2022-02-14,1.0,0.0,1.0,6.730066666666666
2022-02-15,1.0,0.0,1.0,7.024033333333335
2022-02-16,1.0,0.0,1.0,6.607800000000002
2022-02-17,1.0,0.0,1.0,6.879566666666659
2022-02-18,1.0,0.0,1.0,7.049800000000005
2022-02-19,1.0,0.0,1.0,6.810933333333334
2022-02-20,1.0,0.0,1.0,6.905266666666658
2022-02-21,1.0,0.0,1.0,7.043833333333342
2022-02-22,1.0,0.0,1.0,7.0121333333333284
2022-02-23,1.0,0.0,1.0,7.005033333333341
2022-02-24,1.0,0.0,1.0,6.879433333333331
2022-02-25,1.0,0.0,1.0,6.564199999999995
2022-02-26,1.0,0.0,1.0,6.522233333333332
2022-02-27,1.0,0.0,1.0,6.716899999999998
2022-02-28,1.0,0.0,1.0,6.520800000000006
2022-03-01,1.0,0.0,1.0,7.188233333333334
2022-03-02,1.0,0.0,1.0,6.9702000000000055
2022-03-03,1.0,0.0,1.0,6.744300000000003
2022-03-04,1.0,0.0,1.0,7.035333333333329
2022-03-05,1.0,0.0,1.0,7.478200000000001
2022-03-06,1.0,0.0,1.0,7.150833333333331
2022-03-07,1.0,0.0,1.0,7.345233333333328
2022-03-08,1.0,0.0,1.0,7.277733333333333
2022-03-09,1.0,0.0,1.0,7.5479666666666745
2022-03-10,1.0,0.0,1.0,7.3808999999999925
2022-03-11,1.0,0.0,1.0,7.360033333333327
2022-03-12,1.0,0.0,1.0,7.123533333333332
2022-03-13,1.0,0.0,1.0,7.15336666666667
2022-03-14,1.0,0.0,1.0,7.284266666666679
2022-03-15,1.0,0.0,1.0,7.066233333333322
2022-03-16,1.0,0.0,1.0,7.186800000000001
2022-03-17,1.0,0.0,1.0,7.0620666666666665
2022-03-18,1.0,0.0,1.0,7.1340333333333374
2022-03-19,1.0,0.0,1.0,7.239166666666665
2022-03-20,1.0,0.0,1.0,7.183966666666663
2022-03-21,1.0,0.0,1.0,7.474733333333336
2022-03-22,1.0,0.0,1.0,7.122899999999999
2022-03-23,1.0,0.0,1.0,7.245766666666671
2022-03-24,1.0,0.0,1.0,6.927433333333343
2022-03-25,1.0,0.0,1.0,6.6903333333333395
2022-03-26,1.0,0.0,1.0,6.9190999999999905
2022-03-27,1.0,0.0,1.0,7.133499999999991
2022-03-28,1.0,0.0,1.0,6.603300000000002
2022-03-29,1.0,0.0,1.0,6.726733333333338
2022-03-30,1.0,0.0,1.0,6.730500000000004
2022-03-31,1.0,0.0,1.0,6.941666666666663
2022-04-01,1.0,0.0,1.0,6.811900000000004
2022-04-02,1.0,0.0,1.0,7.028099999999992
2022-04-21,1.0,0.0,1.0,7.332366666666665
2022-04-22,1.0,0.0,1.0,6.884100000000001
2022-04-23,1.0,0.0,1.0,7.246233333333332
2022-04-24,1.0,0.0,1.0,7.505333333333337
2022-04-25,1.0,0.0,1.0,7.252033333333334
2022-04-26,1.0,0.0,1.0,7.016266666666674
2022-04-27,1.0,0.0,1.0,6.281866666666666
2022-04-28,1.0,0.0,1.0,6.518400000000007
2022-04-29,1.0,0.0,1.0,6.634166666666675
2022-04-30,1.0,0.0,1.0,7.070033333333335
2022-05-01,1.0,0.0,1.0,7.008433333333329
2022-05-02,1.0,0.0,1.0,6.436499999999998
2022-05-03,1.0,0.0,1.0,7.0461333333333345
2022-05-04,1.0,0.0,1.0,6.383433333333329
2022-05-05,1.0,0.0,1.0,6.642699999999993
2022-05-06,1.0,0.0,1.0,6.567700000000002
2022-05-07,1.0,0.0,1.0,6.037099999999993
2022-05-08,1.0,0.0,1.0,6.650033333333336
2022-05-09,1.0,0.0,1.0,6.227399999999986
2022-05-10,1.0,0.0,1.0,6.047600000000003
2022-05-11,1.0,0.0,1.0,6.50559999999999
2022-05-12,1.0,0.0,1.0,6.745400000000001
2022-05-13,1.0,0.0,1.0,6.578299999999989
2022-05-14,1.0,0.0,1.0,7.324733333333334
2022-05-15,1.0,0.0,1.0,6.82863333333334
2022-05-16,1.0,0.0,1.0,6.812699999999997
2022-05-17,1.0,0.0,1.0,6.889533333333335
2022-05-18,1.0,0.0,1.0,6.774266666666665
2022-05-19,1.0,0.0,1.0,6.784333333333343
2022-05-20,1.0,0.0,1.0,6.6805000000000065
2022-05-21,1.0,0.0,1.0,6.579899999999999
2022-05-22,1.0,0.0,1.0,6.467366666666668
2022-05-23,1.0,0.0,1.0,6.749466666666673
2022-05-24,1.0,0.0,1.0,6.6608000000000045
2022-05-25,1.0,0.0,1.0,6.7261
2022-05-26,1.0,0.0,1.0,6.693566666666659
2022-05-27,1.0,0.0,1.0,6.845300000000004
2022-05-28,1.0,0.0,1.0,6.398566666666667
2022-06-08,1.0,0.0,1.0,6.155433333333332
2022-06-09,1.0,0.0,1.0,6.573166666666663
2022-06-10,1.0,0.0,1.0,6.557966666666658
2022-06-11,1.0,0.0,1.0,6.553333333333342
2022-06-12,1.0,0.0,1.0,6.370600000000006
2022-06-13,1.0,0.0,1.0,6.341166666666662
2022-06-14,1.0,0.0,1.0,6.982099999999988
2022-06-15,1.0,0.0,1.0,6.891999999999999
2022-06-16,1.0,0.0,1.0,6.576133333333338
2022-06-17,1.0,0.0,1.0,6.606299999999995
2022-06-18,1.0,0.0,1.0,6.553733333333334
2022-06-19,1.0,0.0,1.0,6.429400000000001
2022-06-20,1.0,0.0,1.0,6.318800000000006
2022-06-21,1.0,0.0,1.0,6.611433333333338
2022-06-22,1.0,0.0,1.0,6.251433333333338
2022-06-23,1.0,0.0,1.0,6.056800000000007
2022-06-24,1.0,0.0,1.0,6.5697333333333345
2022-06-25,1.0,0.0,1.0,6.173666666666665
2022-06-26,1.0,0.0,1.0,6.088399999999993
2022-06-27,1.0,0.0,1.0,5.879466666666668
2022-06-28,1.0,0.0,1.0,6.1880000000000095
2022-06-29,1.0,0.0,1.0,6.3075333333333345
2022-06-30,1.0,0.0,1.0,5.900333333333333
2022-07-01,1.0,0.0,1.0,6.274899999999998
2022-07-02,1.0,0.0,1.0,6.154499999999996
2022-07-03,1.0,0.0,1.0,6.376166666666667
2022-07-04,1.0,0.0,1.0,6.197
2022-07-05,1.0,0.0,1.0,6.305499999999999
2022-07-06,1.0,0.0,1.0,6.061
2022-07-07,1.0,0.0,1.0,6.214633333333332
2022-09-13,1.0,0.0,1.0,5.527566666666668
2022-09-14,1.0,0.0,1.0,5.581499999999991
2022-09-15,1.0,0.0,1.0,5.682466666666667
2022-09-16,1.0,0.0,1.0,5.91493333333334
2022-09-17,1.0,0.0,1.0,5.762533333333342
2022-09-18,1.0,0.0,1.0,5.599066666666675
2022-09-19,1.0,0.0,1.0,5.654833333333336
2022-09-26,0.8333333333333334,0.16666666666666666,0.6666666666666666,4.8060000000000045
2022-09-27,0.8333333333333334,0.16666666666666666,0.6666666666666666,4.456166666666661
2022-09-28,0.8333333333333334,0.16666666666666666,0.6666666666666666,4.658499999999999
2022-09-29,0.8333333333333334,0.16666666666666666,0.6666666666666666,4.7634
2022-09-30,0.8333333333333334,0.16666666666666666,0.6666666666666666,4.782599999999998
2022-10-01,0.8333333333333334,0.16666666666666666,0.6666666666666666,5.239099999999996
2022-10-02,0.8333333333333334,0.16666666666666666,0.6666666666666666,5.191733333333332
2022-10-03,0.8333333333333334,0.16666666666666666,0.6666666666666666,5.26656666666666
2022-10-04,0.8333333333333334,0.16666666666666666,0.6666666666666666,5.081833333333338
2022-10-05,0.8333333333333334,0.16666666666666666,0.6666666666666666,5.219533333333321
2022-10-06,0.8333333333333334,0.16666666666666666,0.6666666666666666,5.088566666666668
2022-10-07,0.8333333333333334,0.16666666666666666,0.6666666666666666,5.16663333333334
2022-10-08,0.8333333333333334,0.16666666666666666,0.6666666666666666,4.59543333333333
2022-10-09,0.8333333333333334,0.16666666666666666,0.6666666666666666,4.885100000000004
2022-10-10,0.8333333333333334,0.16666666666666666,0.6666666666666666,4.82956666666666
2022-10-11,0.8333333333333334,0.16666666666666666,0.6666666666666666,4.800366666666662
2022-10-12,0.8333333333333334,0.16666666666666666,0.6666666666666666,4.9205666666666685
2022-10-13,0.8333333333333334,0.16666666666666666,0.6666666666666666,4.889333333333336
2022-10-14,0.8333333333333334,0.16666666666666666,0.6666666666666666,4.828300000000013
2022-10-15,0.8333333333333334,0.16666666666666666,0.6666666666666666,5.023766666666667
2022-10-16,0.8333333333333334,0.16666666666666666,0.6666666666666666,4.998633333333331
2022-10-17,0.8333333333333334,0.16666666666666666,0.6666666666666666,5.191533333333321
2022-10-18,0.8333333333333334,0.16666666666666666,0.6666666666666666,4.851533333333329
2022-10-19,0.6666666666666666,0.3333333333333333,0.3333333333333333,4.7114666666666665
2022-10-20,0.8333333333333334,0.16666666666666666,0.6666666666666666,4.9511333333333285
2022-10-21,0.6666666666666666,0.3333333333333333,0.3333333333333333,4.790133333333325
2022-10-22,0.8333333333333334,0.16666666666666666,0.6666666666666666,5.07750000000001
2022-10-23,0.8333333333333334,0.16666666666666666,0.6666666666666666,4.764933333333329
2022-10-24,0.8333333333333334,0.16666666666666666,0.6666666666666666,4.790900000000005
2022-10-25,0.8333333333333334,0.16666666666666666,0.6666666666666666,5.1051333333333275
2022-12-08,0.8333333333333334,0.16666666666666666,0.6666666666666666,3.469666666666664
2022-12-09,0.8333333333333334,0.16666666666666666,0.6666666666666666,3.743599999999996
2022-12-10,0.8333333333333334,0.16666666666666666,0.6666666666666666,4.170066666666673
2022-12-11,0.6666666666666666,0.3333333333333333,0.3333333333333333,3.8347333333333347
2022-12-12,0.8333333333333334,0.16666666666666666,0.6666666666666666,3.816100000000001
2022-12-13,0.8333333333333334,0.16666666666666666,0.6666666666666666,3.044933333333335
2022-12-14,0.8333333333333334,0.16666666666666666,0.6666666666666666,2.65846666666666
2022-12-15,0.8333333333333334,0.16666666666666666,0.6666666666666666,2.861633333333335
2022-12-16,0.8333333333333334,0.16666666666666666,0.6666666666666666,3.0238666666666703
2022-12-17,0.8333333333333334,0.16666666666666666,0.6666666666666666,2.952766666666676
2022-12-18,0.8333333333333334,0.16666666666666666,0.6666666666666666,3.0126333333333286
2022-12-19,0.8333333333333334,0.16666666666666666,0.6666666666666666,2.925533333333334
2022-12-20,0.8333333333333334,0.16666666666666666,0.6666666666666666,2.825666666666675
2022-12-21,0.8333333333333334,0.16666666666666666,0.6666666666666666,2.67883333333333
2022-12-22,0.8333333333333334,0.16666666666666666,0.6666666666666666,3.0232000000000077
2022-12-23,0.8333333333333334,0.16666666666666666,0.6666666666666666,2.6764583333333363
2022-12-24,0.8333333333333334,0.16666666666666666,0.6666666666666666,1.7943333333333318
2022-12-25,0.8333333333333334,0.16666666666666666,0.6666666666666666,1.3117666666666683
2022-12-26,0.8333333333333334,0.16666666666666666,0.6666666666666666,1.6897000000000066
2022-12-27,0.8333333333333334,0.16666666666666666,0.6666666666666666,0.9975083333333382
2022-12-28,0.6666666666666666,0.3333333333333333,0.3333333333333333,0.9337000000000018
2022-12-29,0.6666666666666666,0.3333333333333333,0.3333333333333333,1.107400000000003
2022-12-30,0.5,0.5,0.0,0.0457333333333357
2022-12-31,0.5,0.5,0.0,-0.08359999999999701
2023-01-01,0.5,0.5,0.0,0.290566666666668
2023-01-02,0.5,0.5,0.0,0.12169999999999703
2023-01-03,0.5,0.5,0.0,-0.3669333333333403
2023-01-04,0.5,0.5,0.0,-0.23899999999999721
2023-01-05,0.5,0.5,0.0,-0.2444999999999903
2023-01-06,0.5,0.5,0.0,-0.2751333333333221
2023-02-02,0.16666666666666666,0.8333333333333334,-0.6666666666666666,-1.138966666666672
2023-02-03,0.16666666666666666,0.8333333333333334,-0.6666666666666666,-1.1107000000000096
2023-02-04,0.16666666666666666,0.8333333333333334,-0.6666666666666666,-1.2142000000000028
2023-02-05,0.16666666666666666,0.8333333333333334,-0.6666666666666666,-1.3252666666666737
2023-02-06,0.16666666666666666,0.8333333333333334,-0.6666666666666666,-1.5041999999999998
2023-02-07,0.16666666666666666,0.8333333333333334,-0.6666666666666666,-1.6524999999999999
2023-02-08,0.16666666666666666,0.8333333333333334,-0.6666666666666666,-1.4805333333333397
2023-02-09,0.3333333333333333,0.6666666666666666,-0.3333333333333333,-1.4437333333333353
2023-02-10,0.16666666666666666,0.8333333333333334,-0.6666666666666666,-1.2855666666666643
2023-02-11,0.3333333333333333,0.6666666666666666,-0.3333333333333333,-1.1809999999999963
2023-02-12,0.16666666666666666,0.8333333333333334,-0.6666666666666666,-1.674433333333334
2023-02-13,0.16666666666666666,0.8333333333333334,-0.6666666666666666,-1.917066666666668
2023-02-14,0.16666666666666666,0.8333333333333334,-0.6666666666666666,-1.6088999999999984
2023-02-15,0.3333333333333333,0.6666666666666666,-0.3333333333333333,-1.996899999999993
2023-02-16,0.16666666666666666,0.8333333333333334,-0.6666666666666666,-1.8589666666666662
2023-02-17,0.16666666666666666,0.8333333333333334,-0.6666666666666666,-1.962166666666666
2023-02-18,0.16666666666666666,0.8333333333333334,-0.6666666666666666,-1.1898666666666706
2023-02-19,0.16666666666666666,0.8333333333333334,-0.6666666666666666,-1.0217000000000063
2023-02-20,0.16666666666666666,0.8333333333333334,-0.6666666666666666,-1.0673333333333364
2023-02-21,0.3333333333333333,0.6666666666666666,-0.3333333333333333,-0.9877500000000019
2023-02-22,0.16666666666666666,0.8333333333333334,-0.6666666666666666,-1.3165333333333347
2023-02-23,0.3333333333333333,0.6666666666666666,-0.3333333333333333,-1.0603666666666645
2023-02-24,0.16666666666666666,0.8333333333333334,-0.6666666666666666,-1.0026000000000022
2023-02-25,0.16666666666666666,0.8333333333333334,-0.6666666666666666,-1.1833333333333311
2023-02-26,0.3333333333333333,0.6666666666666666,-0.3333333333333333,-0.8195333333333336
2023-02-27,0.3333333333333333,0.6666666666666666,-0.3333333333333333,-0.8840333333333348
2023-02-28,0.3333333333333333,0.6666666666666666,-0.3333333333333333,-1.5255666666666674
2023-03-01,0.3333333333333333,0.6666666666666666,-0.3333333333333333,-1.6216333333333353
2023-03-02,0.3333333333333333,0.6666666666666666,-0.3333333333333333,-1.0323666666666658
2023-03-03,0.3333333333333333,0.6666666666666666,-0.3333333333333333,-1.1037999999999986
2023-03-04,0.3333333333333333,0.6666666666666666,-0.3333333333333333,-0.9498333333333365
2023-03-05,0.5,0.5,0.0,-0.27670000000000644
2023-03-06,0.5,0.5,0.0,-0.19310000000000235
2023-03-07,0.3333333333333333,0.6666666666666666,-0.3333333333333333,-0.2776666666666638
2023-03-08,0.3333333333333333,0.6666666666666666,-0.3333333333333333,-1.6336000000000073
2023-03-09,0.3333333333333333,0.6666666666666666,-0.3333333333333333,-1.0905666666666651
2023-03-10,0.3333333333333333,0.6666666666666666,-0.3333333333333333,-0.8251666666666703
2023-03-11,0.3333333333333333,0.6666666666666666,-0.3333333333333333,-1.470399999999998
2023-03-12,0.3333333333333333,0.6666666666666666,-0.3333333333333333,-0.9645333333333331
2023-03-13,0.3333333333333333,0.6666666666666666,-0.3333333333333333,-1.5659333333333312
2023-03-14,0.3333333333333333,0.6666666666666666,-0.3333333333333333,-1.342933333333337
2023-03-15,0.3333333333333333,0.6666666666666666,-0.3333333333333333,-1.0582000000000018
2023-03-16,0.3333333333333333,0.6666666666666666,-0.3333333333333333,-1.3793999999999957
2023-03-17,0.3333333333333333,0.6666666666666666,-0.3333333333333333,-1.354266666666664
2023-03-18,0.3333333333333333,0.6666666666666666,-0.3333333333333333,-1.4513999999999996
2023-03-19,0.3333333333333333,0.6666666666666666,-0.3333333333333333,-1.2593000000000043
2023-03-20,0.3333333333333333,0.6666666666666666,-0.3333333333333333,-1.178200000000004
2023-03-21,0.3333333333333333,0.6666666666666666,-0.3333333333333333,-1.2333333333333354
2023-03-22,0.3333333333333333,0.6666666666666666,-0.3333333333333333,-1.213799999999998
2023-03-23,0.3333333333333333,0.6666666666666666,-0.3333333333333333,-1.2163666666666704
2023-03-24,0.3333333333333333,0.6666666666666666,-0.3333333333333333,-1.7329999999999959
2023-03-25,0.3333333333333333,0.6666666666666666,-0.3333333333333333,-1.2779
2023-03-26,0.3333333333333333,0.6666666666666666,-0.3333333333333333,-1.0408333333333353
2023-03-27,0.5,0.5,0.0,-0.30263333333333736
2023-03-28,0.3333333333333333,0.6666666666666666,-0.3333333333333333,-0.7145333333333331
2023-03-29,0.3333333333333333,0.6666666666666666,-0.3333333333333333,0.2061666666666646
2023-03-30,0.5,0.5,0.0,0.160266666666665
2023-03-31,0.3333333333333333,0.6666666666666666,-0.3333333333333333,-0.04423333333333327
2023-04-01,0.3333333333333333,0.6666666666666666,-0.3333333333333333,0.165266666666664
2023-04-02,0.5,0.5,0.0,-0.015400000000003189
2023-04-03,0.3333333333333333,0.6666666666666666,-0.3333333333333333,-0.2759666666666642
2023-04-04,0.5,0.5,0.0,0.0037333333333352905
2023-04-05,0.5,0.5,0.0,-0.10556666666666814
2023-04-06,0.5,0.5,0.0,0.1686000000000026
2023-04-07,0.5,0.5,0.0,0.37873333333333764
2023-04-08,0.5,0.5,0.0,0.05639999999999764
2023-04-09,0.5,0.5,0.0,0.026266666666668215
2023-04-10,0.5,0.5,0.0,-0.24033333333333218
2023-04-11,0.5,0.5,0.0,-0.5255999999999972
2023-04-12,0.16666666666666666,0.8333333333333334,-0.6666666666666666,-0.653866666666668
2023-04-13,0.5,0.5,0.0,-0.5740666666666598
2023-04-14,0.3333333333333333,0.6666666666666666,-0.3333333333333333,-0.535300000000003
2023-04-15,0.3333333333333333,0.6666666666666666,-0.3333333333333333,-0.5204666666666687
2023-04-16,0.5,0.5,0.0,-0.33990000000000126
2023-04-17,0.16666666666666666,0.8333333333333334,-0.6666666666666666,-0.6509666666666618
2023-04-18,0.16666666666666666,0.8333333333333334,-0.6666666666666666,-0.9200000000000005
2023-04-19,0.16666666666666666,0.8333333333333334,-0.6666666666666666,-0.954500000000003
2023-04-20,0.16666666666666666,0.8333333333333334,-0.6666666666666666,-1.034133333333332
2023-04-21,0.16666666666666666,0.8333333333333334,-0.6666666666666666,-1.2118666666666644
2023-04-22,0.16666666666666666,0.8333333333333334,-0.6666666666666666,-0.9342666666666624
2023-04-23,0.16666666666666666,0.8333333333333334,-0.6666666666666666,-1.308166666666666
2023-04-24,0.0,1.0,-1.0,-1.4340333333333344
2023-04-25,0.0,1.0,-1.0,-1.7937333333333356
2023-04-26,0.16666666666666666,0.8333333333333334,-0.6666666666666666,-1.760866666666671
2023-04-27,0.0,1.0,-1.0,-2.075433333333327
2023-04-28,0.16666666666666666,0.8333333333333334,-0.6666666666666666,-2.588600000000001
2023-04-29,0.16666666666666666,0.8333333333333334,-0.6666666666666666,-2.637766666666662
2023-04-30,0.0,1.0,-1.0,-2.6477000000000004
2023-05-01,0.0,1.0,-1.0,-2.8237999999999985
2023-05-02,0.16666666666666666,0.8333333333333334,-0.6666666666666666,-2.82293333333334
2023-05-03,0.16666666666666666,0.8333333333333334,-0.6666666666666666,-2.406499999999999
2023-05-04,0.16666666666666666,0.8333333333333334,-0.6666666666666666,-2.6437000000000004
2023-05-05,0.0,1.0,-1.0,-2.7587666666666677
2023-05-06,0.16666666666666666,0.8333333333333334,-0.6666666666666666,-2.466566666666671
2023-05-07,0.16666666666666666,0.8333333333333334,-0.6666666666666666,-2.6653333333333307
2023-05-08,0.16666666666666666,0.8333333333333334,-0.6666666666666666,-2.525800000000004
2023-05-09,0.16666666666666666,0.8333333333333334,-0.6666666666666666,-2.688000000000006
2023-05-10,0.16666666666666666,0.8333333333333334,-0.6666666666666666,-2.956499999999997
2023-05-11,0.16666666666666666,0.8333333333333334,-0.6666666666666666,-2.656500000000001
2023-05-12,0.16666666666666666,0.8333333333333334,-0.6666666666666666,-2.535800000000002
2023-05-13,0.16666666666666666,0.8333333333333334,-0.6666666666666666,-2.5987666666666605
2023-05-14,0.16666666666666666,0.8333333333333334,-0.6666666666666666,-2.6249666666666633
2023-05-15,0.16666666666666666,0.8333333333333334,-0.6666666666666666,-2.7484666666666606
2023-05-16,0.16666666666666666,0.8333333333333334,-0.6666666666666666,-2.759499999999997
2023-05-17,0.16666666666666666,0.8333333333333334,-0.6666666666666666,-2.941799999999997
2023-05-18,0.16666666666666666,0.8333333333333334,-0.6666666666666666,-2.9924666666666653
2023-05-19,0.16666666666666666,0.8333333333333334,-0.6666666666666666,-3.212100000000001
2023-05-20,0.16666666666666666,0.8333333333333334,-0.6666666666666666,-3.3440666666666714
2023-05-21,0.16666666666666666,0.8333333333333334,-0.6666666666666666,-3.4083666666666623
2023-05-22,0.16666666666666666,0.8333333333333334,-0.6666666666666666,-3.394700000000004
2023-05-23,0.0,1.0,-1.0,-2.8687666666666765
2023-05-24,0.5,0.5,0.0,-2.4615333333333353
2023-06-14,0.16666666666666666,0.8333333333333334,-0.6666666666666666,-3.471333333333335
2023-06-15,0.16666666666666666,0.8333333333333334,-0.6666666666666666,-3.522233333333324
2023-06-16,0.0,1.0,-1.0,-3.8913999999999986
2023-06-17,0.16666666666666666,0.8333333333333334,-0.6666666666666666,-3.7363999999999984
2023-06-18,0.0,1.0,-1.0,-3.9140333333333337
2023-06-19,0.0,1.0,-1.0,-3.839266666666673
2023-06-20,0.0,1.0,-1.0,-4.380033333333334
2023-06-21,0.16666666666666666,0.8333333333333334,-0.6666666666666666,-4.631333333333333
2023-06-22,0.16666666666666666,0.8333333333333334,-0.6666666666666666,-4.2763333333333335
2023-06-23,0.0,1.0,-1.0,-4.268966666666667
2023-06-24,0.0,1.0,-1.0,-4.360600000000001
2023-06-25,0.16666666666666666,0.8333333333333334,-0.6666666666666666,-4.197200000000005
2023-06-26,0.0,1.0,-1.0,-4.355800000000008
2023-06-27,0.0,1.0,-1.0,-5.155833333333335
2023-06-28,0.0,1.0,-1.0,-4.891933333333337
2023-06-29,0.0,1.0,-1.0,-4.578533333333334
2023-06-30,0.16666666666666666,0.8333333333333334,-0.6666666666666666,-4.517266666666664
2023-07-01,0.16666666666666666,0.8333333333333334,-0.6666666666666666,-4.5422666666666665
2023-07-02,0.16666666666666666,0.8333333333333334,-0.6666666666666666,-4.4771333333333345
2023-07-03,0.16666666666666666,0.8333333333333334,-0.6666666666666666,-4.679800000000001
2023-07-04,0.16666666666666666,0.8333333333333334,-0.6666666666666666,-4.6728666666666685
2023-07-05,0.16666666666666666,0.8333333333333334,-0.6666666666666666,-4.603866666666669
2023-07-06,0.16666666666666666,0.8333333333333334,-0.6666666666666666,-5.012066666666666
2023-07-07,0.16666666666666666,0.8333333333333334,-0.6666666666666666,-4.97143333333333
2023-07-08,0.16666666666666666,0.8333333333333334,-0.6666666666666666,-5.144766666666665
2023-07-09,0.16666666666666666,0.8333333333333334,-0.6666666666666666,-4.956900000000002
2023-07-10,0.16666666666666666,0.8333333333333334,-0.6666666666666666,-5.048266666666667
2023-07-11,0.16666666666666666,0.8333333333333334,-0.6666666666666666,-5.029399999999996
2023-07-12,0.0,1.0,-1.0,-5.138333333333327
2023-07-13,0.16666666666666666,0.8333333333333334,-0.6666666666666666,-5.213533333333328
2023-07-14,0.16666666666666666,0.8333333333333334,-0.6666666666666666,-5.42636666666667
2023-07-15,0.16666666666666666,0.8333333333333334,-0.6666666666666666,-5.522333333333343
2023-07-16,0.16666666666666666,0.8333333333333334,-0.6666666666666666,-5.522533333333334
2023-07-17,0.16666666666666666,0.8333333333333334,-0.6666666666666666,-5.448933333333337
2023-08-01,0.16666666666666666,0.8333333333333334,-0.6666666666666666,-5.868199999999999
2023-08-02,0.16666666666666666,0.8333333333333334,-0.6666666666666666,-6.167333333333332
2023-08-03,0.16666666666666666,0.8333333333333334,-0.6666666666666666,-5.65743333333333
2023-08-04,0.16666666666666666,0.8333333333333334,-0.6666666666666666,-5.75513333333334
2023-08-05,0.16666666666666666,0.8333333333333334,-0.6666666666666666,-5.699533333333334
2023-08-06,0.16666666666666666,0.8333333333333334,-0.6666666666666666,-5.467066666666677
2023-08-07,0.16666666666666666,0.8333333333333334,-0.6666666666666666,-5.482299999999998
2023-08-08,0.16666666666666666,0.8333333333333334,-0.6666666666666666,-5.7132333333333305
2023-08-09,0.16666666666666666,0.8333333333333334,-0.6666666666666666,-5.709733333333335
2023-08-10,0.16666666666666666,0.8333333333333334,-0.6666666666666666,-5.548633333333331
2023-08-11,0.16666666666666666,0.8333333333333334,-0.6666666666666666,-5.627866666666669
2023-08-12,0.16666666666666666,0.8333333333333334,-0.6666666666666666,-5.2183999999999955
2023-08-13,0.16666666666666666,0.8333333333333334,-0.6666666666666666,-4.804733333333335
2023-08-14,0.16666666666666666,0.8333333333333334,-0.6666666666666666,-4.949299999999997
2023-08-15,0.16666666666666666,0.8333333333333334,-0.6666666666666666,-4.986299999999993
2023-08-16,0.16666666666666666,0.8333333333333334,-0.6666666666666666,-5.195000000000005
2023-08-17,0.16666666666666666,0.8333333333333334,-0.6666666666666666,-5.2167
2023-08-18,0.16666666666666666,0.8333333333333334,-0.6666666666666666,-5.329599999999993
2023-08-19,0.0,1.0,-1.0,-5.298933333333337
2023-08-20,0.16666666666666666,0.8333333333333334,-0.6666666666666666,-4.787466666666664
2023-08-21,0.16666666666666666,0.8333333333333334,-0.6666666666666666,-5.023900000000001
2023-08-22,0.16666666666666666,0.8333333333333334,-0.6666666666666666,-4.885166666666657
2023-08-23,0.16666666666666666,0.8333333333333334,-0.6666666666666666,-4.598666666666671
2023-08-24,0.16666666666666666,0.8333333333333334,-0.6666666666666666,-4.757699999999999
2023-08-25,0.16666666666666666,0.8333333333333334,-0.6666666666666666,-4.31250000000001
2023-08-26,0.16666666666666666,0.8333333333333334,-0.6666666666666666,-4.091333333333341
2023-08-27,0.16666666666666666,0.8333333333333334,-0.6666666666666666,-4.121433333333336
2023-08-28,0.16666666666666666,0.8333333333333334,-0.6666666666666666,-4.295766666666679
2023-08-29,0.16666666666666666,0.8333333333333334,-0.6666666666666666,-4.219000000000001
2023-08-30,0.16666666666666666,0.8333333333333334,-0.6666666666666666,-4.681633333333327
2023-08-31,0.16666666666666666,0.8333333333333334,-0.6666666666666666,-4.829433333333341
2023-09-01,0.16666666666666666,0.8333333333333334,-0.6666666666666666,-4.7160666666666655
2023-09-02,0.0,1.0,-1.0,-4.063066666666668
2023-09-03,0.16666666666666666,0.8333333333333334,-0.6666666666666666,-4.54216666666666
2023-09-04,0.0,1.0,-1.0,-4.432600000000001
2023-09-05,0.16666666666666666,0.8333333333333334,-0.6666666666666666,-4.240200000000005
2023-09-06,0.16666666666666666,0.8333333333333334,-0.6666666666666666,-4.33753333333334
2023-09-07,0.16666666666666666,0.8333333333333334,-0.6666666666666666,-4.82396666666666
2023-09-08,0.16666666666666666,0.8333333333333334,-0.6666666666666666,-4.859066666666671
2023-09-09,0.16666666666666666,0.8333333333333334,-0.6666666666666666,-4.948933333333329
2023-09-10,0.16666666666666666,0.8333333333333334,-0.6666666666666666,-4.977366666666662
2023-09-11,0.16666666666666666,0.8333333333333334,-0.6666666666666666,-5.224466666666664
2023-09-12,0.16666666666666666,0.8333333333333334,-0.6666666666666666,-4.80203333333333
2023-09-13,0.16666666666666666,0.8333333333333334,-0.6666666666666666,-4.625700000000005
2023-09-14,0.16666666666666666,0.8333333333333334,-0.6666666666666666,-4.895599999999997
2023-09-15,0.16666666666666666,0.8333333333333334,-0.6666666666666666,-3.9477333333333298
2023-09-16,0.16666666666666666,0.8333333333333334,-0.6666666666666666,-4.013566666666672
2023-09-17,0.16666666666666666,0.8333333333333334,-0.6666666666666666,-3.993933333333333
2023-09-18,0.16666666666666666,0.8333333333333334,-0.6666666666666666,-4.315466666666668
2023-09-19,0.16666666666666666,0.8333333333333334,-0.6666666666666666,-4.033099999999993
2023-09-20,0.16666666666666666,0.8333333333333334,-0.6666666666666666,-4.341433333333331
2023-09-21,0.16666666666666666,0.8333333333333334,-0.6666666666666666,-4.1924666666666655
2023-09-22,0.16666666666666666,0.8333333333333334,-0.6666666666666666,-4.1542999999999966
2023-09-23,0.16666666666666666,0.8333333333333334,-0.6666666666666666,-4.00616666666667
2023-09-24,0.16666666666666666,0.8333333333333334,-0.6666666666666666,-3.961900000000005
2023-09-25,0.16666666666666666,0.8333333333333334,-0.6666666666666666,-4.188066666666664
2023-09-26,0.16666666666666666,0.8333333333333334,-0.6666666666666666,-4.645933333333329
2023-09-27,0.16666666666666666,0.8333333333333334,-0.6666666666666666,-5.0324333333333335
2023-09-28,0.16666666666666666,0.8333333333333334,-0.6666666666666666,-4.676900000000003
2023-09-29,0.16666666666666666,0.8333333333333334,-0.6666666666666666,-4.581033333333327
2023-09-30,0.16666666666666666,0.8333333333333334,-0.6666666666666666,-4.419633333333337
2023-10-01,0.16666666666666666,0.8333333333333334,-0.6666666666666666,-4.394266666666667
2023-10-02,0.16666666666666666,0.8333333333333334,-0.6666666666666666,-4.851666666666669
2023-10-03,0.16666666666666666,0.8333333333333334,-0.6666666666666666,-4.828966666666665
2023-10-04,0.16666666666666666,0.8333333333333334,-0.6666666666666666,-4.692733333333341
2023-10-05,0.3333333333333333,0.6666666666666666,-0.3333333333333333,-4.682033333333329
2023-10-06,0.3333333333333333,0.6666666666666666,-0.3333333333333333,-4.3748333333333385
2023-10-07,0.16666666666666666,0.8333333333333334,-0.6666666666666666,-4.362433333333332
2023-10-08,0.16666666666666666,0.8333333333333334,-0.6666666666666666,-3.1211333333333258
2023-10-09,0.16666666666666666,0.8333333333333334,-0.6666666666666666,-3.0030999999999963
2023-10-10,0.3333333333333333,0.6666666666666666,-0.3333333333333333,-2.9864999999999973
2023-10-11,0.16666666666666666,0.8333333333333334,-0.6666666666666666,-3.014633333333343
2023-10-12,0.3333333333333333,0.6666666666666666,-0.3333333333333333,-2.608299999999995
2023-10-13,0.16666666666666666,0.8333333333333334,-0.6666666666666666,-2.1717666666666715
2023-10-14,0.3333333333333333,0.6666666666666666,-0.3333333333333333,-1.7108666666666725
2023-10-15,0.3333333333333333,0.6666666666666666,-0.3333333333333333,-1.4232333333333347
2023-10-16,0.16666666666666666,0.8333333333333334,-0.6666666666666666,-1.5768999999999949
2023-10-17,0.3333333333333333,0.6666666666666666,-0.3333333333333333,-1.7885666666666655
2023-10-18,0.16666666666666666,0.8333333333333334,-0.6666666666666666,-2.0330333333333357
2023-10-19,0.3333333333333333,0.6666666666666666,-0.3333333333333333,-1.9228666666666687
2023-10-20,0.16666666666666666,0.8333333333333334,-0.6666666666666666,-1.6065000000000065
2023-10-21,0.16666666666666666,0.8333333333333334,-0.6666666666666666,-1.7627999999999997
2023-10-22,0.16666666666666666,0.8333333333333334,-0.6666666666666666,-1.572533333333335
2023-10-23,0.0,1.0,-1.0,-1.781100000000001
2023-10-24,0.3333333333333333,0.6666666666666666,-0.3333333333333333,-1.669466666666673
2023-10-25,0.0,1.0,-1.0,-2.0734666666666697
2023-10-26,0.3333333333333333,0.6666666666666666,-0.3333333333333333,-1.9300333333333388
2023-10-27,0.16666666666666666,0.8333333333333334,-0.6666666666666666,-2.1006666666666676
2023-10-28,0.3333333333333333,0.6666666666666666,-0.3333333333333333,-1.8759666666666632
2023-10-29,0.3333333333333333,0.6666666666666666,-0.3333333333333333,-2.439799999999998
2023-10-30,0.3333333333333333,0.6666666666666666,-0.3333333333333333,-2.0783666666666627
2023-10-31,0.3333333333333333,0.6666666666666666,-0.3333333333333333,-1.8427000000000007
2023-11-01,0.3333333333333333,0.6666666666666666,-0.3333333333333333,-1.9858333333333356
2023-11-02,0.3333333333333333,0.6666666666666666,-0.3333333333333333,-2.065600000000002
2023-11-03,0.3333333333333333,0.6666666666666666,-0.3333333333333333,-2.0511333333333375
2023-11-04,0.3333333333333333,0.6666666666666666,-0.3333333333333333,-2.5189000000000057
2023-11-05,0.3333333333333333,0.6666666666666666,-0.3333333333333333,-2.1815999999999995
2023-11-06,0.3333333333333333,0.6666666666666666,-0.3333333333333333,-2.476099999999999
2023-11-07,0.3333333333333333,0.6666666666666666,-0.3333333333333333,-2.4590666666666707
2023-11-08,0.5,0.5,0.0,-2.2437999999999945
2023-11-09,0.3333333333333333,0.6666666666666666,-0.3333333333333333,-2.288166666666669
2023-11-10,0.3333333333333333,0.6666666666666666,-0.3333333333333333,-2.2247333333333295
2023-11-11,0.3333333333333333,0.6666666666666666,-0.3333333333333333,-2.1222333333333316
2023-11-12,0.3333333333333333,0.6666666666666666,-0.3333333333333333,-1.9266333333333374
2023-11-13,0.3333333333333333,0.6666666666666666,-0.3333333333333333,-2.0940999999999996
2023-11-14,0.16666666666666666,0.8333333333333334,-0.6666666666666666,-2.2628000000000044
2023-11-15,0.3333333333333333,0.6666666666666666,-0.3333333333333333,-1.91726666666667
2023-11-16,0.3333333333333333,0.6666666666666666,-0.3333333333333333,-1.925566666666666
2023-11-17,0.3333333333333333,0.6666666666666666,-0.3333333333333333,-1.9590333333333376
2023-11-18,0.3333333333333333,0.6666666666666666,-0.3333333333333333,-2.067499999999999
2023-11-19,0.3333333333333333,0.6666666666666666,-0.3333333333333333,-1.98936666666667
2023-11-20,0.3333333333333333,0.6666666666666666,-0.3333333333333333,-2.0700000000000016
2023-11-21,0.3333333333333333,0.6666666666666666,-0.3333333333333333,-1.909133333333332
2023-11-22,0.3333333333333333,0.6666666666666666,-0.3333333333333333,-1.9801999999999964
2023-11-23,0.3333333333333333,0.6666666666666666,-0.3333333333333333,-2.012366666666671
2023-11-24,0.3333333333333333,0.6666666666666666,-0.3333333333333333,-1.7170999999999996
2023-11-25,0.3333333333333333,0.6666666666666666,-0.3333333333333333,-1.7296333333333311
2023-11-26,0.3333333333333333,0.6666666666666666,-0.3333333333333333,-1.6963000000000055
2023-11-27,0.3333333333333333,0.6666666666666666,-0.3333333333333333,-1.857966666666665
2023-11-28,0.3333333333333333,0.6666666666666666,-0.3333333333333333,-1.8754000000000026
2023-11-29,0.3333333333333333,0.6666666666666666,-0.3333333333333333,-1.8694666666666653
2023-11-30,0.3333333333333333,0.6666666666666666,-0.3333333333333333,-2.1413333333333355
2023-12-01,0.3333333333333333,0.6666666666666666,-0.3333333333333333,-1.8132666666666672
2023-12-02,0.3333333333333333,0.6666666666666666,-0.3333333333333333,-1.9401666666666688
2023-12-03,0.3333333333333333,0.6666666666666666,-0.3333333333333333,-1.9207999999999974
2023-12-04,0.3333333333333333,0.6666666666666666,-0.3333333333333333,-1.7796999999999983
2023-12-05,0.3333333333333333,0.6666666666666666,-0.3333333333333333,-1.7792333333333268
2023-12-06,0.3333333333333333,0.6666666666666666,-0.3333333333333333,-1.883300000000003
2023-12-07,0.3333333333333333,0.6666666666666666,-0.3333333333333333,-1.358066666666667
2023-12-08,0.16666666666666666,0.8333333333333334,-0.6666666666666666,-1.5520666666666625
2023-12-09,0.3333333333333333,0.6666666666666666,-0.3333333333333333,-1.4643666666666633
2023-12-10,0.16666666666666666,0.8333333333333334,-0.6666666666666666,-1.399233333333336
2023-12-11,0.16666666666666666,0.8333333333333334,-0.6666666666666666,-1.6357666666666713
2023-12-12,0.3333333333333333,0.6666666666666666,-0.3333333333333333,-1.5101333333333298
2023-12-13,0.3333333333333333,0.6666666666666666,-0.3333333333333333,-1.515033333333334
2023-12-14,0.3333333333333333,0.6666666666666666,-0.3333333333333333,-1.2272666666666676
2023-12-15,0.3333333333333333,0.6666666666666666,-0.3333333333333333,-1.0749999999999982
2023-12-16,0.3333333333333333,0.6666666666666666,-0.3333333333333333,-1.0968000000000007
2023-12-17,0.3333333333333333,0.6666666666666666,-0.3333333333333333,-1.1047999999999998
2023-12-18,0.3333333333333333,0.6666666666666666,-0.3333333333333333,-0.9847666666666619
2023-12-19,0.3333333333333333,0.6666666666666666,-0.3333333333333333,-1.166766666666664
2023-12-20,0.3333333333333333,0.6666666666666666,-0.3333333333333333,-0.9664333333333381
2023-12-21,0.3333333333333333,0.6666666666666666,-0.3333333333333333,-1.1715999999999969
2023-12-22,0.3333333333333333,0.6666666666666666,-0.3333333333333333,-1.08596666666667
2023-12-23,0.3333333333333333,0.6666666666666666,-0.3333333333333333,-0.9917000000000064
2023-12-24,0.3333333333333333,0.6666666666666666,-0.3333333333333333,-0.9064666666666715
2023-12-25,0.3333333333333333,0.6666666666666666,-0.3333333333333333,-0.8149666666666681
2023-12-26,0.3333333333333333,0.6666666666666666,-0.3333333333333333,-0.9744666666666634
2023-12-27,0.3333333333333333,0.6666666666666666,-0.3333333333333333,-1.1349666666666647
2023-12-28,0.16666666666666666,0.8333333333333334,-0.6666666666666666,-1.1646333333333299
2023-12-29,0.16666666666666666,0.8333333333333334,-0.6666666666666666,-1.2835000000000025
2023-12-30,0.16666666666666666,0.8333333333333334,-0.6666666666666666,-1.1164333333333343
2023-12-31,0.16666666666666666,0.8333333333333334,-0.6666666666666666,-1.1810666666666627
2024-01-01,0.16666666666666666,0.8333333333333334,-0.6666666666666666,-1.075399999999996
2024-01-02,0.16666666666666666,0.8333333333333334,-0.6666666666666666,-1.1625000000000003
2024-01-03,0.0,1.0,-1.0,-1.2467666666666684
2024-01-04,0.16666666666666666,0.8333333333333334,-0.6666666666666666,-1.0475666666666648
2024-01-05,0.0,1.0,-1.0,-1.2224666666666668
2024-01-06,0.16666666666666666,0.8333333333333334,-0.6666666666666666,-1.3348333333333275
2024-01-07,0.16666666666666666,0.8333333333333334,-0.6666666666666666,-1.2877333333333307
2024-01-08,0.16666666666666666,0.8333333333333334,-0.6666666666666666,-1.3200666666666692
2024-01-09,0.16666666666666666,0.8333333333333334,-0.6666666666666666,-1.1308666666666707
2024-01-10,0.16666666666666666,0.8333333333333334,-0.6666666666666666,-1.1272999999999982
2024-01-11,0.16666666666666666,0.8333333333333334,-0.6666666666666666,-1.2327000000000012
2024-01-12,0.0,1.0,-1.0,-1.121966666666669
2024-01-13,0.0,1.0,-1.0,-1.0112666666666652
2024-01-14,0.16666666666666666,0.8333333333333334,-0.6666666666666666,-0.8147333333333329
2024-01-15,0.0,1.0,-1.0,-0.9058999999999978
2024-01-16,0.0,1.0,-1.0,-0.822366666666659
2024-01-17,0.0,1.0,-1.0,-0.9446333333333357
2024-01-18,0.0,1.0,-1.0,-0.8526666666666666
2024-01-19,0.16666666666666666,0.8333333333333334,-0.6666666666666666,-0.7384999999999996
2024-01-20,0.0,1.0,-1.0,-0.7459333333333357
2024-01-21,0.16666666666666666,0.8333333333333334,-0.6666666666666666,-0.7671333333333301
2024-01-22,0.16666666666666666,0.8333333333333334,-0.6666666666666666,-0.6834000000000024
2024-01-23,0.0,1.0,-1.0,-1.0296999999999994
2024-01-24,0.16666666666666666,0.8333333333333334,-0.6666666666666666,-0.7016333333333371
2024-01-25,0.16666666666666666,0.8333333333333334,-0.6666666666666666,-1.0345000000000024
2024-01-26,0.16666666666666666,0.8333333333333334,-0.6666666666666666,-1.1411666666666644
2024-01-27,0.3333333333333333,0.6666666666666666,-0.3333333333333333,-1.101899999999998
2024-01-28,0.16666666666666666,0.8333333333333334,-0.6666666666666666,-1.1274333333333324
2024-01-29,0.16666666666666666,0.8333333333333334,-0.6666666666666666,-0.9892666666666668
2024-01-30,0.3333333333333333,0.6666666666666666,-0.3333333333333333,-1.0706666666666678
2024-01-31,0.3333333333333333,0.6666666666666666,-0.3333333333333333,-0.9280333333333317
2024-02-01,0.16666666666666666,0.8333333333333334,-0.6666666666666666,-0.9162999999999973
2024-02-02,0.16666666666666666,0.8333333333333334,-0.6666666666666666,-0.8536666666666713
2024-02-03,0.16666666666666666,0.8333333333333334,-0.6666666666666666,-0.8054999999999998
2024-02-04,0.16666666666666666,0.8333333333333334,-0.6666666666666666,-0.7355000000000006
2024-02-05,0.16666666666666666,0.8333333333333334,-0.6666666666666666,-0.7465000000000046
2024-02-06,0.16666666666666666,0.8333333333333334,-0.6666666666666666,-0.726366666666666
2024-02-07,0.16666666666666666,0.8333333333333334,-0.6666666666666666,-0.7593666666666662
2024-02-08,0.16666666666666666,0.8333333333333334,-0.6666666666666666,-0.9080666666666678
2024-02-09,0.3333333333333333,0.6666666666666666,-0.3333333333333333,-0.9940666666666651
2024-02-10,0.16666666666666666,0.8333333333333334,-0.6666666666666666,-0.9776333333333262
2024-02-11,0.16666666666666666,0.8333333333333334,-0.6666666666666666,-0.8732999999999992
2024-02-12,0.16666666666666666,0.8333333333333334,-0.6666666666666666,-1.0809666666666686
2024-02-13,0.16666666666666666,0.8333333333333334,-0.6666666666666666,-1.3611999999999977
2024-02-14,0.16666666666666666,0.8333333333333334,-0.6666666666666666,-1.249133333333334
2024-02-15,0.3333333333333333,0.6666666666666666,-0.3333333333333333,-1.38066666666667
2024-02-16,0.16666666666666666,0.8333333333333334,-0.6666666666666666,-1.434066666666671
2024-02-17,0.16666666666666666,0.8333333333333334,-0.6666666666666666,-1.487000000000003
2024-02-18,0.16666666666666666,0.8333333333333334,-0.6666666666666666,-1.4214000000000009
2024-02-19,0.16666666666666666,0.8333333333333334,-0.6666666666666666,-1.3849333333333351
2024-02-20,0.16666666666666666,0.8333333333333334,-0.6666666666666666,-1.4254666666666675
2024-02-21,0.16666666666666666,0.8333333333333334,-0.6666666666666666,-1.534833333333334
2024-02-22,0.16666666666666666,0.8333333333333334,-0.6666666666666666,-1.4939999999999973
2024-02-23,0.16666666666666666,0.8333333333333334,-0.6666666666666666,-1.5294666666666643
2024-02-24,0.16666666666666666,0.8333333333333334,-0.6666666666666666,-1.5597999999999956
2024-02-25,0.16666666666666666,0.8333333333333334,-0.6666666666666666,-1.6879999999999964
2024-02-26,0.16666666666666666,0.8333333333333334,-0.6666666666666666,-1.4776666666666642
2024-02-27,0.16666666666666666,0.8333333333333334,-0.6666666666666666,-1.7249333333333337
2024-02-28,0.16666666666666666,0.8333333333333334,-0.6666666666666666,-1.437733333333334
2024-02-29,0.16666666666666666,0.8333333333333334,-0.6666666666666666,-1.4458666666666733
2024-03-01,0.16666666666666666,0.8333333333333334,-0.6666666666666666,-1.6769999999999936
2024-03-02,0.16666666666666666,0.8333333333333334,-0.6666666666666666,-1.7957666666666665
2024-03-03,0.16666666666666666,0.8333333333333334,-0.6666666666666666,-1.5735000000000003
2024-03-04,0.16666666666666666,0.8333333333333334,-0.6666666666666666,-1.5786999999999967
2024-03-05,0.16666666666666666,0.8333333333333334,-0.6666666666666666,-1.6305000000000014
2024-03-06,0.16666666666666666,0.8333333333333334,-0.6666666666666666,-1.6553333333333324
2024-03-07,0.16666666666666666,0.8333333333333334,-0.6666666666666666,-1.6687666666666618
2024-03-08,0.16666666666666666,0.8333333333333334,-0.6666666666666666,-1.6730333333333338
2024-03-09,0.16666666666666666,0.8333333333333334,-0.6666666666666666,-1.7438333333333347
2024-03-10,0.16666666666666666,0.8333333333333334,-0.6666666666666666,-1.7370333333333317
2024-03-11,0.16666666666666666,0.8333333333333334,-0.6666666666666666,-1.7936666666666643
2024-03-12,0.0,1.0,-1.0,-1.8284333333333305
2024-03-13,0.0,1.0,-1.0,-1.8728333333333336
2024-04-09,0.16666666666666666,0.8333333333333334,-0.6666666666666666,-1.9254333333333367
2024-04-10,0.16666666666666666,0.8333333333333334,-0.6666666666666666,-1.865633333333335
2024-04-11,0.16666666666666666,0.8333333333333334,-0.6666666666666666,-1.8408666666666658
2024-04-12,0.16666666666666666,0.8333333333333334,-0.6666666666666666,-1.7302666666666653
2024-06-10,0.5,0.5,0.0,-2.4847999999999977
2024-06-11,0.3333333333333333,0.6666666666666666,-0.3333333333333333,-2.5146333333333373
2024-06-12,0.5,0.5,0.0,-2.485500000000002
2024-06-13,0.5,0.5,0.0,-2.8998333333333335
2024-06-14,0.16666666666666666,0.8333333333333334,-0.6666666666666666,-2.9639000000000038
2024-06-15,0.5,0.5,0.0,-2.9492666666666687
2024-06-16,0.16666666666666666,0.8333333333333334,-0.6666666666666666,-3.180833333333331
2024-06-17,0.3333333333333333,0.6666666666666666,-0.3333333333333333,-2.1449999999999982
2024-06-18,0.3333333333333333,0.6666666666666666,-0.3333333333333333,-2.4067666666666625
2024-06-19,0.16666666666666666,0.8333333333333334,-0.6666666666666666,-2.6422333333333357
2024-06-20,0.3333333333333333,0.6666666666666666,-0.3333333333333333,-2.400066666666664
2024-06-21,0.3333333333333333,0.6666666666666666,-0.3333333333333333,-2.344366666666667
2024-06-22,0.3333333333333333,0.6666666666666666,-0.3333333333333333,-2.3002666666666762
2024-06-23,0.3333333333333333,0.6666666666666666,-0.3333333333333333,-2.5765666666666696
2024-06-24,0.16666666666666666,0.8333333333333334,-0.6666666666666666,-2.5632333333333293
2024-06-25,0.3333333333333333,0.6666666666666666,-0.3333333333333333,-2.474533333333335
2024-06-26,0.3333333333333333,0.6666666666666666,-0.3333333333333333,-2.5293000000000028
2024-06-27,0.16666666666666666,0.8333333333333334,-0.6666666666666666,-2.68716666666667
2024-06-28,0.16666666666666666,0.8333333333333334,-0.6666666666666666,-2.745233333333329
2024-06-29,0.16666666666666666,0.8333333333333334,-0.6666666666666666,-2.9233333333333356
2024-06-30,0.16666666666666666,0.8333333333333334,-0.6666666666666666,-2.94003333333333
2024-07-01,0.16666666666666666,0.8333333333333334,-0.6666666666666666,-3.029366666666661
2024-07-02,0.16666666666666666,0.8333333333333334,-0.6666666666666666,-3.0714333333333315
2024-07-03,0.16666666666666666,0.8333333333333334,-0.6666666666666666,-3.0851333333333364
2024-07-04,0.0,1.0,-1.0,-3.259766666666669
2024-07-05,0.16666666666666666,0.8333333333333334,-0.6666666666666666,-3.283766666666667
2024-07-06,0.0,1.0,-1.0,-3.215833333333331
2024-07-07,0.0,1.0,-1.0,-3.2557666666666663
2024-07-08,0.0,1.0,-1.0,-3.274966666666663
2024-07-09,0.16666666666666666,0.8333333333333334,-0.6666666666666666,-3.1450333333333305
2024-07-10,0.16666666666666666,0.8333333333333334,-0.6666666666666666,-3.0348999999999946
2024-07-11,0.16666666666666666,0.8333333333333334,-0.6666666666666666,-3.0327000000000006
2024-07-12,0.16666666666666666,0.8333333333333334,-0.6666666666666666,-3.0292666666666648
2024-07-13,0.16666666666666666,0.8333333333333334,-0.6666666666666666,-3.002900000000006
2024-07-14,0.16666666666666666,0.8333333333333334,-0.6666666666666666,-2.939700000000004
2024-07-15,0.16666666666666666,0.8333333333333334,-0.6666666666666666,-2.901133333333332
2024-07-16,0.16666666666666666,0.8333333333333334,-0.6666666666666666,-2.8854666666666673
2024-07-17,0.16666666666666666,0.8333333333333334,-0.6666666666666666,-3.1690333333333327
2024-07-18,0.16666666666666666,0.8333333333333334,-0.6666666666666666,-3.0032333333333305
2024-07-19,0.16666666666666666,0.8333333333333334,-0.6666666666666666,-2.954966666666664
2024-07-20,0.16666666666666666,0.8333333333333334,-0.6666666666666666,-3.059866666666663
2024-08-07,0.16666666666666666,0.8333333333333334,-0.6666666666666666,-3.49283333333333
2024-08-08,0.0,1.0,-1.0,-3.5556666666666636
2024-08-09,0.16666666666666666,0.8333333333333334,-0.6666666666666666,-3.545166666666668
2024-08-10,0.16666666666666666,0.8333333333333334,-0.6666666666666666,-3.584799999999999
2024-08-11,0.0,1.0,-1.0,-3.625533333333331
2024-08-12,0.0,1.0,-1.0,-3.751500000000006
2024-08-13,0.0,1.0,-1.0,-3.611200000000006
2024-08-14,0.0,1.0,-1.0,-3.798399999999996
2024-08-15,0.16666666666666666,0.8333333333333334,-0.6666666666666666,-3.591066666666672
2024-08-16,0.16666666666666666,0.8333333333333334,-0.6666666666666666,-3.543366666666665
2024-08-17,0.16666666666666666,0.8333333333333334,-0.6666666666666666,-3.4526666666666705
2024-08-18,0.16666666666666666,0.8333333333333334,-0.6666666666666666,-3.5226666666666673
2024-08-19,0.16666666666666666,0.8333333333333334,-0.6666666666666666,-3.227566666666668
2024-08-20,0.16666666666666666,0.8333333333333334,-0.6666666666666666,-3.328833333333332
2024-08-21,0.16666666666666666,0.8333333333333334,-0.6666666666666666,-3.400466666666665
2024-08-22,0.16666666666666666,0.8333333333333334,-0.6666666666666666,-3.3045666666666675
2024-08-23,0.16666666666666666,0.8333333333333334,-0.6666666666666666,-3.413133333333333
2024-08-24,0.16666666666666666,0.8333333333333334,-0.6666666666666666,-3.3682666666666647
2024-08-25,0.16666666666666666,0.8333333333333334,-0.6666666666666666,-3.485799999999999
2024-08-26,0.16666666666666666,0.8333333333333334,-0.6666666666666666,-3.3861000000000048
2024-08-27,0.16666666666666666,0.8333333333333334,-0.6666666666666666,-3.344533333333333
2024-08-28,0.16666666666666666,0.8333333333333334,-0.6666666666666666,-3.333566666666666
2024-08-29,0.16666666666666666,0.8333333333333334,-0.6666666666666666,-3.324399999999997
2024-08-30,0.16666666666666666,0.8333333333333334,-0.6666666666666666,-3.4494999999999982
2024-08-31,0.16666666666666666,0.8333333333333334,-0.6666666666666666,-3.214733333333337
2024-09-01,0.0,1.0,-1.0,-3.359266666666669
2024-09-02,0.16666666666666666,0.8333333333333334,-0.6666666666666666,-3.427933333333334
2024-09-03,0.16666666666666666,0.8333333333333334,-0.6666666666666666,-3.1982999999999984
2024-09-04,0.16666666666666666,0.8333333333333334,-0.6666666666666666,-3.282900000000005
2024-09-05,0.16666666666666666,0.8333333333333334,-0.6666666666666666,-3.244733333333334
2024-09-06,0.0,1.0,-1.0,-3.3797666666666686
2024-09-07,0.0,1.0,-1.0,-3.4921333333333338
2024-09-08,0.0,1.0,-1.0,-3.6211666666666615
2024-09-09,0.0,1.0,-1.0,-3.438133333333333
2024-09-10,0.0,1.0,-1.0,-3.5280666666666662
2024-10-01,0.0,1.0,-1.0,-3.120733333333335
2024-10-02,0.16666666666666666,0.8333333333333334,-0.6666666666666666,-2.909633333333332
2024-10-03,0.16666666666666666,0.8333333333333334,-0.6666666666666666,-2.831333333333339
2024-10-04,0.16666666666666666,0.8333333333333334,-0.6666666666666666,-2.941766666666671
2024-10-05,0.0,1.0,-1.0,-3.160099999999995
2024-10-06,0.0,1.0,-1.0,-3.0468666666666686
2024-10-07,0.0,1.0,-1.0,-2.995033333333332
2024-10-08,0.0,1.0,-1.0,-3.302633333333329
2024-10-09,0.0,1.0,-1.0,-3.142866666666665
2024-10-10,0.0,1.0,-1.0,-3.1616999999999984
2024-10-11,0.0,1.0,-1.0,-3.173000000000003
2024-10-12,0.0,1.0,-1.0,-3.056133333333335
2024-10-13,0.0,1.0,-1.0,-3.2312999999999974
2024-10-14,0.0,1.0,-1.0,-3.1642999999999972
2024-10-15,0.0,1.0,-1.0,-3.3894666666666637
2024-10-16,0.0,1.0,-1.0,-3.3636000000000004
2024-10-17,0.0,1.0,-1.0,-3.3826333333333345
2024-10-18,0.0,1.0,-1.0,-3.343133333333332
2024-10-19,0.0,1.0,-1.0,-3.4035666666666686
2024-10-20,0.0,1.0,-1.0,-3.120433333333333
2024-10-21,0.0,1.0,-1.0,-2.9356666666666684
2024-10-22,0.0,1.0,-1.0,-3.0319666666666643
2024-10-23,0.0,1.0,-1.0,-2.763833333333338
2024-10-24,0.0,1.0,-1.0,-2.7482000000000006
2024-10-25,0.0,1.0,-1.0,-2.7038333333333333
2024-10-26,0.3333333333333333,0.6666666666666666,-0.3333333333333333,-1.4713666666666647
2024-10-27,0.3333333333333333,0.6666666666666666,-0.3333333333333333,-1.6047999999999984
2024-10-28,0.3333333333333333,0.6666666666666666,-0.3333333333333333,-1.4830666666666634
2024-10-29,0.3333333333333333,0.6666666666666666,-0.3333333333333333,-1.4774000000000018
2024-10-30,0.3333333333333333,0.6666666666666666,-0.3333333333333333,-1.6313333333333315
2024-10-31,0.3333333333333333,0.6666666666666666,-0.3333333333333333,-1.6741333333333326
2024-11-01,0.3333333333333333,0.6666666666666666,-0.3333333333333333,-1.6104666666666663
2024-11-02,0.3333333333333333,0.6666666666666666,-0.3333333333333333,-1.1662000000000035
2024-11-03,0.3333333333333333,0.6666666666666666,-0.3333333333333333,-1.0229666666666688
2024-11-04,0.3333333333333333,0.6666666666666666,-0.3333333333333333,-0.7805666666666689
2024-11-05,0.3333333333333333,0.6666666666666666,-0.3333333333333333,-0.8954999999999984
2024-11-06,0.3333333333333333,0.6666666666666666,-0.3333333333333333,-0.9227000000000013
2024-11-07,0.3333333333333333,0.6666666666666666,-0.3333333333333333,-0.9447333333333295
2024-11-08,0.3333333333333333,0.6666666666666666,-0.3333333333333333,-0.7915666666666681
2024-11-09,0.3333333333333333,0.6666666666666666,-0.3333333333333333,-0.8055666666666627
2024-11-10,0.3333333333333333,0.6666666666666666,-0.3333333333333333,-0.7717999999999977
2024-11-11,0.3333333333333333,0.6666666666666666,-0.3333333333333333,-0.7900333333333313
2024-11-12,0.3333333333333333,0.6666666666666666,-0.3333333333333333,-0.9529333333333305
2024-11-13,0.3333333333333333,0.6666666666666666,-0.3333333333333333,-1.0097000000000023
2024-11-14,0.3333333333333333,0.6666666666666666,-0.3333333333333333,-1.0129666666666683
2024-11-15,0.3333333333333333,0.6666666666666666,-0.3333333333333333,-0.9314333333333309
2024-11-16,0.0,1.0,-1.0,-1.3429666666666666
2024-11-17,0.0,1.0,-1.0,-1.3854666666666684
2024-11-18,0.0,1.0,-1.0,-1.493733333333329
2024-11-19,0.0,1.0,-1.0,-1.3854999999999968
2024-11-20,0.0,1.0,-1.0,-1.3348000000000084
2024-11-21,0.0,1.0,-1.0,-1.210766666666667
2024-11-22,0.0,1.0,-1.0,-1.2567999999999973
2024-11-23,0.0,1.0,-1.0,-1.3505666666666631
2024-11-24,0.0,1.0,-1.0,-1.366566666666671
2024-11-25,0.0,1.0,-1.0,-1.267133333333336
2024-12-02,0.16666666666666666,0.8333333333333334,-0.6666666666666666,-0.9612333333333289
2024-12-03,0.16666666666666666,0.8333333333333334,-0.6666666666666666,-0.9796666666666655
2024-12-04,0.16666666666666666,0.8333333333333334,-0.6666666666666666,-0.8025999999999947
2024-12-05,0.16666666666666666,0.8333333333333334,-0.6666666666666666,-0.7971000000000039
2024-12-06,0.0,1.0,-1.0,-0.7577666666666651
2024-12-07,0.3333333333333333,0.6666666666666666,-0.3333333333333333,-0.6483333333333311
2024-12-08,0.0,1.0,-1.0,-0.7211666666666652
2024-12-09,0.0,1.0,-1.0,-0.8546333333333346
2024-12-10,0.16666666666666666,0.8333333333333334,-0.6666666666666666,-0.7372666666666667
2024-12-11,0.16666666666666666,0.8333333333333334,-0.6666666666666666,-0.6327333333333343
2024-12-12,0.16666666666666666,0.8333333333333334,-0.6666666666666666,-0.5881666666666648
2024-12-13,0.16666666666666666,0.8333333333333334,-0.6666666666666666,-0.6879666666666621
2024-12-14,0.16666666666666666,0.8333333333333334,-0.6666666666666666,-0.6192333333333302
2024-12-15,0.16666666666666666,0.8333333333333334,-0.6666666666666666,-0.8911999999999966
2024-12-16,0.16666666666666666,0.8333333333333334,-0.6666666666666666,-0.6077333333333321
2024-12-17,0.16666666666666666,0.8333333333333334,-0.6666666666666666,-0.7178333333333361
2024-12-18,0.16666666666666666,0.8333333333333334,-0.6666666666666666,-0.7564999999999967
2024-12-19,0.16666666666666666,0.8333333333333334,-0.6666666666666666,-0.7794333333333346
2024-12-20,0.3333333333333333,0.6666666666666666,-0.3333333333333333,-0.6316333333333309
2024-12-21,0.3333333333333333,0.6666666666666666,-0.3333333333333333,-0.4507333333333345
2024-12-22,0.3333333333333333,0.6666666666666666,-0.3333333333333333,-0.5472000000000014
2024-12-23,0.3333333333333333,0.6666666666666666,-0.3333333333333333,-0.4589333333333343
2024-12-24,0.16666666666666666,0.8333333333333334,-0.6666666666666666,-0.4926333333333292
2024-12-25,0.16666666666666666,0.8333333333333334,-0.6666666666666666,-0.5495666666666672
2024-12-26,0.16666666666666666,0.8333333333333334,-0.6666666666666666,-0.4305000000000021
2024-12-27,0.16666666666666666,0.8333333333333334,-0.6666666666666666,-0.47250000000000014
2024-12-28,0.3333333333333333,0.6666666666666666,-0.3333333333333333,-0.43566666666666265
2024-12-29,0.3333333333333333,0.6666666666666666,-0.3333333333333333,-0.3398999999999989
2024-12-30,0.5,0.5,0.0,-0.09636666666666589
2024-12-31,0.5,0.5,0.0,-0.2037666666666643
2025-01-03,0.3333333333333333,0.6666666666666666,-0.3333333333333333,-0.3076666666666708
2025-01-04,0.5,0.5,0.0,-0.1426333333333396
2025-01-05,0.3333333333333333,0.6666666666666666,-0.3333333333333333,-0.3074333333333321
2025-01-06,0.3333333333333333,0.6666666666666666,-0.3333333333333333,-0.30066666666666936
2025-01-07,0.3333333333333333,0.6666666666666666,-0.3333333333333333,-0.3298666666666629
2025-01-08,0.16666666666666666,0.8333333333333334,-0.6666666666666666,-0.3596666666666681
2025-01-09,0.3333333333333333,0.6666666666666666,-0.3333333333333333,-0.31033333333333485
2025-01-10,0.3333333333333333,0.6666666666666666,-0.3333333333333333,-0.19050000000000247
2025-01-11,0.16666666666666666,0.8333333333333334,-0.6666666666666666,-0.3909000000000032
2025-01-12,0.5,0.5,0.0,-0.13223333333333187
2025-01-13,0.5,0.5,0.0,-0.10136666666666845
2025-01-14,0.3333333333333333,0.6666666666666666,-0.3333333333333333,-0.2172000000000054
2025-01-15,0.5,0.5,0.0,-0.11799999999999737
2025-01-16,0.5,0.5,0.0,0.04276666666666529
2025-01-17,0.3333333333333333,0.6666666666666666,-0.3333333333333333,0.12219999999999942
2025-01-18,0.6666666666666666,0.3333333333333333,0.3333333333333333,0.2468333333333348
2025-01-19,0.3333333333333333,0.6666666666666666,-0.3333333333333333,-0.051666666666669414
2025-01-20,0.5,0.5,0.0,0.10386666666666737
2025-01-21,0.8333333333333334,0.16666666666666666,0.6666666666666666,0.18473333333333622
2025-01-22,0.6666666666666666,0.3333333333333333,0.3333333333333333,0.21280000000000618
2025-01-23,0.6666666666666666,0.3333333333333333,0.3333333333333333,0.3749666666666667
2025-01-24,0.6666666666666666,0.3333333333333333,0.3333333333333333,0.2859333333333384
2025-01-25,0.6666666666666666,0.3333333333333333,0.3333333333333333,0.28573333333333056
2025-01-26,0.6666666666666666,0.3333333333333333,0.3333333333333333,0.5282333333333327
2025-01-27,0.8333333333333334,0.16666666666666666,0.6666666666666666,0.4338333333333348
2025-01-28,0.6666666666666666,0.3333333333333333,0.3333333333333333,0.5372000000000009
2025-01-29,0.6666666666666666,0.3333333333333333,0.3333333333333333,0.6718333333333284
2025-01-30,0.8333333333333334,0.16666666666666666,0.6666666666666666,0.6476666666666672
2025-01-31,0.8333333333333334,0.16666666666666666,0.6666666666666666,0.8183333333333328
2025-02-01,1.0,0.0,1.0,0.7626000000000026
2025-02-02,0.8333333333333334,0.16666666666666666,0.6666666666666666,0.711766666666667
2025-02-03,0.8333333333333334,0.16666666666666666,0.6666666666666666,1.1712
2025-02-04,0.6666666666666666,0.3333333333333333,0.3333333333333333,0.737433333333333
2025-02-05,0.8333333333333334,0.16666666666666666,0.6666666666666666,0.8671666666666648
2025-02-06,1.0,0.0,1.0,1.2331666666666596
2025-02-07,0.8333333333333334,0.16666666666666666,0.6666666666666666,0.8884666666666673
2025-02-08,0.8333333333333334,0.16666666666666666,0.6666666666666666,1.0689333333333277
2025-02-09,0.8333333333333334,0.16666666666666666,0.6666666666666666,0.6726333333333395
2025-02-10,0.8333333333333334,0.16666666666666666,0.6666666666666666,0.702100000000005
2025-02-11,0.8333333333333334,0.16666666666666666,0.6666666666666666,0.6769333333333319
2025-02-12,0.6666666666666666,0.3333333333333333,0.3333333333333333,0.541900000000003
2025-02-13,0.8333333333333334,0.16666666666666666,0.6666666666666666,1.0850333333333329
2025-02-14,0.6666666666666666,0.3333333333333333,0.3333333333333333,0.5545666666666698
2025-02-15,0.8333333333333334,0.16666666666666666,0.6666666666666666,1.0750666666666682
2025-02-16,0.8333333333333334,0.16666666666666666,0.6666666666666666,1.2363000000000035
2025-02-17,0.8333333333333334,0.16666666666666666,0.6666666666666666,1.1374999999999993
2025-02-18,0.8333333333333334,0.16666666666666666,0.6666666666666666,0.8596666666666669
2025-02-19,0.8333333333333334,0.16666666666666666,0.6666666666666666,1.269166666666661
2025-02-20,0.8333333333333334,0.16666666666666666,0.6666666666666666,0.8930000000000007
2025-02-21,0.8333333333333334,0.16666666666666666,0.6666666666666666,1.048699999999999
2025-02-22,0.8333333333333334,0.16666666666666666,0.6666666666666666,0.9965999999999973
2025-02-23,0.8333333333333334,0.16666666666666666,0.6666666666666666,1.2387333333333324
2025-02-24,0.8333333333333334,0.16666666666666666,0.6666666666666666,1.2789333333333393
2025-02-25,1.0,0.0,1.0,1.4119000000000028
2025-02-26,0.8333333333333334,0.16666666666666666,0.6666666666666666,1.1561666666666675
2025-02-27,0.8333333333333334,0.16666666666666666,0.6666666666666666,1.103100000000006
2025-02-28,0.8333333333333334,0.16666666666666666,0.6666666666666666,1.0779666666666625
2025-03-01,0.8333333333333334,0.16666666666666666,0.6666666666666666,1.1532666666666636
2025-03-02,0.8333333333333334,0.16666666666666666,0.6666666666666666,0.9435333333333252
2025-03-03,0.8333333333333334,0.16666666666666666,0.6666666666666666,1.042266666666663
2025-03-04,1.0,0.0,1.0,1.0501666666666682
2025-03-05,0.8333333333333334,0.16666666666666666,0.6666666666666666,1.1491333333333305
2025-03-06,0.8333333333333334,0.16666666666666666,0.6666666666666666,1.1709000000000007
2025-03-07,0.8333333333333334,0.16666666666666666,0.6666666666666666,1.0143999999999973
2025-03-08,0.8333333333333334,0.16666666666666666,0.6666666666666666,1.3175666666666643
2025-03-09,0.8333333333333334,0.16666666666666666,0.6666666666666666,1.3441666666666674
2025-03-10,0.8333333333333334,0.16666666666666666,0.6666666666666666,1.1192666666666646
2025-03-11,0.8333333333333334,0.16666666666666666,0.6666666666666666,1.0937333333333445
2025-03-12,0.8333333333333334,0.16666666666666666,0.6666666666666666,1.128066666666669
2025-03-14,1.0,0.0,1.0,1.1166000000000007
2025-03-15,0.8333333333333334,0.16666666666666666,0.6666666666666666,1.0624000000000002
2025-03-16,0.8333333333333334,0.16666666666666666,0.6666666666666666,1.0358000000000007
2025-03-17,1.0,0.0,1.0,1.0989999999999978
2025-03-18,0.6666666666666666,0.3333333333333333,0.3333333333333333,0.3559999999999981
2025-03-19,0.5,0.5,0.0,-0.06403333333333212
2025-03-20,0.6666666666666666,0.3333333333333333,0.3333333333333333,0.21325833333333813
2025-03-21,0.8333333333333334,0.16666666666666666,0.6666666666666666,1.0593000000000075
2025-03-22,1.0,0.0,1.0,0.9718666666666694
2025-03-23,0.6666666666666666,0.3333333333333333,0.3333333333333333,0.8613999999999962
2025-03-24,0.8333333333333334,0.16666666666666666,0.6666666666666666,0.9516000000000003
2025-03-25,0.8333333333333334,0.16666666666666666,0.6666666666666666,0.7311666666666738
2025-03-26,0.8333333333333334,0.16666666666666666,0.6666666666666666,0.8061333333333293
2025-03-27,1.0,0.0,1.0,1.0169666666666732
2025-03-28,0.8333333333333334,0.16666666666666666,0.6666666666666666,0.5974333333333384
2025-03-29,0.6666666666666666,0.3333333333333333,0.3333333333333333,0.5211333333333338
2025-03-30,0.8333333333333334,0.16666666666666666,0.6666666666666666,0.6699333333333305
2025-03-31,0.8333333333333334,0.16666666666666666,0.6666666666666666,0.7103999999999928
2025-04-01,0.8333333333333334,0.16666666666666666,0.6666666666666666,0.516566666666666
2025-04-02,0.8333333333333334,0.16666666666666666,0.6666666666666666,0.6864999999999952
2025-04-03,0.8333333333333334,0.16666666666666666,0.6666666666666666,0.7788333333333372
2025-04-04,1.0,0.0,1.0,0.836266666666661
2025-04-05,0.8333333333333334,0.16666666666666666,0.6666666666666666,0.8366333333333303
2025-04-06,0.8333333333333334,0.16666666666666666,0.6666666666666666,0.8364333333333356
2025-04-07,0.8333333333333334,0.16666666666666666,0.6666666666666666,0.8570666666666646
2025-04-08,1.0,0.0,1.0,1.026333333333331
2025-04-09,0.8333333333333334,0.16666666666666666,0.6666666666666666,1.0038333333333327
2025-04-10,0.8333333333333334,0.16666666666666666,0.6666666666666666,0.9318000000000026
2025-04-11,0.8333333333333334,0.16666666666666666,0.6666666666666666,0.8925000000000006
2025-04-12,0.8333333333333334,0.16666666666666666,0.6666666666666666,1.0142999999999998
2025-04-13,0.8333333333333334,0.16666666666666666,0.6666666666666666,0.708300000000006
2025-04-14,0.8333333333333334,0.16666666666666666,0.6666666666666666,0.9089999999999954
2025-04-15,0.8333333333333334,0.16666666666666666,0.6666666666666666,0.39506666666665896
2025-04-16,0.6666666666666666,0.3333333333333333,0.3333333333333333,0.36756666666666743
2025-04-17,0.6666666666666666,0.3333333333333333,0.3333333333333333,0.26049999999999685
2025-04-18,0.3333333333333333,0.6666666666666666,-0.3333333333333333,-0.050166666666670544
2025-04-19,0.5,0.5,0.0,0.019666666666663463
2025-04-20,0.5,0.5,0.0,0.08123333333333467
2025-04-21,0.8333333333333334,0.16666666666666666,0.6666666666666666,0.13269999999999982
2025-04-22,0.6666666666666666,0.3333333333333333,0.3333333333333333,0.33159999999999695
2025-04-23,0.6666666666666666,0.3333333333333333,0.3333333333333333,0.07226666666666048
2025-04-24,0.6666666666666666,0.3333333333333333,0.3333333333333333,0.513866666666671
2025-04-25,0.8333333333333334,0.16666666666666666,0.6666666666666666,0.23446666666667207
2025-04-26,0.8333333333333334,0.16666666666666666,0.6666666666666666,0.4417333333333353
2025-04-27,0.3333333333333333,0.6666666666666666,-0.3333333333333333,-0.022966666666665247
2025-04-28,0.6666666666666666,0.3333333333333333,0.3333333333333333,0.36746666666666883
2025-04-29,0.8333333333333334,0.16666666666666666,0.6666666666666666,0.0695666666666573
2025-04-30,1.0,0.0,1.0,0.17513333333333136
2025-05-01,0.6666666666666666,0.3333333333333333,0.3333333333333333,0.19913333333333227
2025-05-02,0.6666666666666666,0.3333333333333333,0.3333333333333333,0.11966666666666488
2025-05-03,1.0,0.0,1.0,0.18966666666667228
2025-05-04,0.6666666666666666,0.3333333333333333,0.3333333333333333,0.5149666666666602
2025-05-05,0.8333333333333334,0.16666666666666666,0.6666666666666666,0.453333333333332
2025-05-06,0.6666666666666666,0.3333333333333333,0.3333333333333333,0.5339666666666716
2025-05-07,0.6666666666666666,0.3333333333333333,0.3333333333333333,0.9223333333333308
2025-05-08,0.6666666666666666,0.3333333333333333,0.3333333333333333,0.25376666666667447
2025-05-09,0.6666666666666666,0.3333333333333333,0.3333333333333333,0.6259666666666632
2025-05-10,0.6666666666666666,0.3333333333333333,0.3333333333333333,0.660499999999999
2025-05-11,0.6666666666666666,0.3333333333333333,0.3333333333333333,0.32946666666666974
2025-05-12,0.6666666666666666,0.3333333333333333,0.3333333333333333,0.4004666666666618
2025-05-13,0.6666666666666666,0.3333333333333333,0.3333333333333333,0.4225000000000006
2025-05-14,0.5,0.5,0.0,0.25686666666666724
2025-05-15,0.5,0.5,0.0,0.34189999999999543
2025-05-16,0.5,0.5,0.0,0.13873333333333804
2025-05-17,0.5,0.5,0.0,0.10243333333333382
2025-05-18,0.5,0.5,0.0,0.12959999999999874
2025-05-19,0.5,0.5,0.0,0.18466666666665668
2025-05-20,0.6666666666666666,0.3333333333333333,0.3333333333333333,0.34156666666666285
2025-05-21,0.6666666666666666,0.3333333333333333,0.3333333333333333,0.2609333333333292
2025-05-22,0.6666666666666666,0.3333333333333333,0.3333333333333333,0.31506666666667255
2025-05-23,0.6666666666666666,0.3333333333333333,0.3333333333333333,0.22200000000000367
2025-05-24,0.6666666666666666,0.3333333333333333,0.3333333333333333,0.5624666666666703
2025-05-25,0.6666666666666666,0.3333333333333333,0.3333333333333333,0.5570999999999996
2025-05-26,0.8333333333333334,0.16666666666666666,0.6666666666666666,0.4927666666666563
2025-05-27,1.0,0.0,1.0,0.44359999999999883
2025-05-28,0.8333333333333334,0.16666666666666666,0.6666666666666666,0.6106666666666634
2025-05-29,0.5,0.5,0.0,0.30663333333333515
2025-05-30,0.6666666666666666,0.3333333333333333,0.3333333333333333,0.4135333333333359
2025-05-31,0.8333333333333334,0.16666666666666666,0.6666666666666666,0.478133333333331
2025-06-01,0.8333333333333334,0.16666666666666666,0.6666666666666666,0.3734000000000073
2025-06-02,0.6666666666666666,0.3333333333333333,0.3333333333333333,0.5219333333333284
2025-06-03,0.6666666666666666,0.3333333333333333,0.3333333333333333,0.5531666666666718
2025-06-04,0.6666666666666666,0.3333333333333333,0.3333333333333333,0.8997666666666694
2025-06-05,0.8333333333333334,0.16666666666666666,0.6666666666666666,0.42946666666666883
2025-06-06,0.6666666666666666,0.3333333333333333,0.3333333333333333,0.8504000000000005
2025-06-07,0.6666666666666666,0.3333333333333333,0.3333333333333333,1.2672666666666679
2025-06-08,0.8333333333333334,0.16666666666666666,0.6666666666666666,1.1445666666666625
2025-06-09,0.8333333333333334,0.16666666666666666,0.6666666666666666,1.1651999999999916
2025-06-10,1.0,0.0,1.0,1.1458000000000013
2025-06-11,0.8333333333333334,0.16666666666666666,0.6666666666666666,1.2350666666666659
2025-06-12,1.0,0.0,1.0,1.1133333333333322
2025-06-13,0.8333333333333334,0.16666666666666666,0.6666666666666666,1.547466666666666
2025-06-14,0.8333333333333334,0.16666666666666666,0.6666666666666666,1.5996666666666652
2025-06-15,1.0,0.0,1.0,1.613933333333333
2025-06-16,1.0,0.0,1.0,1.8032333333333337
2025-06-17,1.0,0.0,1.0,1.6758666666666642
2025-06-23,0.8333333333333334,0.16666666666666666,0.6666666666666666,1.2696666666666612
2025-06-24,0.6666666666666666,0.3333333333333333,0.3333333333333333,1.276266666666667
2025-06-25,0.8333333333333334,0.16666666666666666,0.6666666666666666,0.9749333333333302
2025-06-26,0.8333333333333334,0.16666666666666666,0.6666666666666666,1.2066666666666634
2025-06-27,0.6666666666666666,0.3333333333333333,0.3333333333333333,1.149166666666659
2025-06-28,0.6666666666666666,0.3333333333333333,0.3333333333333333,1.0081333333333309
2025-06-29,0.5,0.5,0.0,1.1462666666666717
2025-06-30,0.6666666666666666,0.3333333333333333,0.3333333333333333,1.4203666666666592
2025-07-01,0.5,0.5,0.0,1.1133666666666724
2025-07-02,0.6666666666666666,0.3333333333333333,0.3333333333333333,1.52173333333333
2025-07-03,0.6666666666666666,0.3333333333333333,0.3333333333333333,1.0028999999999968
2025-07-04,0.5,0.5,0.0,1.5756666666666692
2025-07-05,0.6666666666666666,0.3333333333333333,0.3333333333333333,1.2929000000000006
2025-07-06,0.6666666666666666,0.3333333333333333,0.3333333333333333,1.3281666666666692
2025-07-07,0.6666666666666666,0.3333333333333333,0.3333333333333333,1.3433000000000004
2025-07-08,0.5,0.5,0.0,1.6413333333333284
2025-07-09,0.6666666666666666,0.3333333333333333,0.3333333333333333,1.552266666666667
2025-07-10,0.5,0.5,0.0,1.9288333333333252
2025-07-11,0.6666666666666666,0.3333333333333333,0.3333333333333333,1.2870333333333275
2025-07-12,0.6666666666666666,0.3333333333333333,0.3333333333333333,1.0655333333333321
2025-07-13,0.5,0.5,0.0,1.2313999999999925
2025-07-14,0.6666666666666666,0.3333333333333333,0.3333333333333333,1.488633333333329
2025-07-15,0.5,0.5,0.0,1.4008333333333252
2025-07-16,0.5,0.5,0.0,1.3564333333333387
2025-07-17,0.5,0.5,0.0,1.432266666666666
2025-07-18,0.5,0.5,0.0,1.7387000000000015
2025-07-19,0.5,0.5,0.0,1.4013666666666715
2025-07-20,0.5,0.5,0.0,1.1984333333333315
2025-07-21,0.5,0.5,0.0,1.4179333333333364
2025-07-22,0.6666666666666666,0.3333333333333333,0.3333333333333333,1.3489333333333289
2025-07-23,0.6666666666666666,0.3333333333333333,0.3333333333333333,1.5250666666666604
2025-07-24,0.6666666666666666,0.3333333333333333,0.3333333333333333,1.4542666666666737
2025-07-25,0.6666666666666666,0.3333333333333333,0.3333333333333333,1.878533333333344
2025-07-26,0.8333333333333334,0.16666666666666666,0.6666666666666666,1.7346333333333324
2025-07-27,0.6666666666666666,0.3333333333333333,0.3333333333333333,1.70736666666667
2025-07-28,0.6666666666666666,0.3333333333333333,0.3333333333333333,1.6454333333333249
2025-07-29,0.6666666666666666,0.3333333333333333,0.3333333333333333,1.904733333333328
2025-07-30,0.6666666666666666,0.3333333333333333,0.3333333333333333,1.6488333333333312
2025-07-31,0.6666666666666666,0.3333333333333333,0.3333333333333333,1.29963333333333
2025-08-01,0.6666666666666666,0.3333333333333333,0.3333333333333333,1.9336333333333375
2025-08-02,0.6666666666666666,0.3333333333333333,0.3333333333333333,1.6786333333333328
2025-08-03,0.6666666666666666,0.3333333333333333,0.3333333333333333,2.007866666666665
2025-08-04,0.6666666666666666,0.3333333333333333,0.3333333333333333,2.008199999999995
2025-08-05,0.8333333333333334,0.16666666666666666,0.6666666666666666,2.5538000000000003
2025-08-06,0.6666666666666666,0.3333333333333333,0.3333333333333333,2.1723666666666688
2025-08-07,0.6666666666666666,0.3333333333333333,0.3333333333333333,2.0746666666666678
2025-08-08,0.6666666666666666,0.3333333333333333,0.3333333333333333,2.5119666666666753
2025-08-09,0.6666666666666666,0.3333333333333333,0.3333333333333333,2.575799999999994
2025-08-10,0.8333333333333334,0.16666666666666666,0.6666666666666666,2.703933333333334
2025-08-11,0.8333333333333334,0.16666666666666666,0.6666666666666666,2.813900000000006
2025-08-12,0.8333333333333334,0.16666666666666666,0.6666666666666666,2.9523666666666677
2025-08-13,0.6666666666666666,0.3333333333333333,0.3333333333333333,2.759066666666669
2025-08-14,0.8333333333333334,0.16666666666666666,0.6666666666666666,2.488566666666673
2025-08-15,0.8333333333333334,0.16666666666666666,0.6666666666666666,2.7853000000000065
2025-08-16,0.8333333333333334,0.16666666666666666,0.6666666666666666,2.5940333333333334
2025-08-17,0.8333333333333334,0.16666666666666666,0.6666666666666666,2.7516333333333356
2025-08-18,0.8333333333333334,0.16666666666666666,0.6666666666666666,2.135633333333338
2025-08-19,0.8333333333333334,0.16666666666666666,0.6666666666666666,2.438833333333323
2025-08-20,1.0,0.0,1.0,3.254800000000003
2025-08-21,1.0,0.0,1.0,2.8111333333333306
2025-08-22,0.8333333333333334,0.16666666666666666,0.6666666666666666,2.812499999999995
2025-08-23,0.8333333333333334,0.16666666666666666,0.6666666666666666,2.7997999999999976
2025-09-03,0.8333333333333334,0.16666666666666666,0.6666666666666666,2.9345666666666665
2025-09-04,1.0,0.0,1.0,3.428066666666671
2025-09-05,0.8333333333333334,0.16666666666666666,0.6666666666666666,3.427833333333323
2025-09-06,0.8333333333333334,0.16666666666666666,0.6666666666666666,3.476766666666665
2025-09-07,0.8333333333333334,0.16666666666666666,0.6666666666666666,3.2837666666666663
2025-09-08,0.8333333333333334,0.16666666666666666,0.6666666666666666,3.283200000000008
2025-09-09,0.8333333333333334,0.16666666666666666,0.6666666666666666,3.1216666666666577
2025-09-10,0.8333333333333334,0.16666666666666666,0.6666666666666666,3.3192666666666617
2025-09-11,0.8333333333333334,0.16666666666666666,0.6666666666666666,3.405900000000006
2025-09-12,1.0,0.0,1.0,3.799966666666657
2025-09-13,1.0,0.0,1.0,4.045533333333336
2025-09-14,1.0,0.0,1.0,4.351266666666661
2025-09-15,1.0,0.0,1.0,4.1975666666666696
2025-09-16,0.8333333333333334,0.16666666666666666,0.6666666666666666,4.549833333333336
2025-09-17,1.0,0.0,1.0,4.74766666666667
2025-09-18,1.0,0.0,1.0,4.544733333333341
2025-09-19,1.0,0.0,1.0,4.088899999999998
2025-09-20,1.0,0.0,1.0,4.029866666666667
2025-09-21,1.0,0.0,1.0,4.374633333333333
2025-09-22,0.8333333333333334,0.16666666666666666,0.6666666666666666,3.224266666666665
2025-09-23,1.0,0.0,1.0,3.6751000000000027
2025-09-24,1.0,0.0,1.0,3.485933333333333
2025-09-25,1.0,0.0,1.0,3.303799999999999
2025-09-26,1.0,0.0,1.0,3.0187666666666693
2025-09-27,1.0,0.0,1.0,2.199033333333334
2025-09-28,1.0,0.0,1.0,2.9701666666666653
2025-09-29,1.0,0.0,1.0,3.1171333333333315
2025-09-30,0.8333333333333334,0.16666666666666666,0.6666666666666666,2.5184333333333413
2025-10-01,0.8333333333333334,0.16666666666666666,0.6666666666666666,2.6686666666666667
2025-10-02,0.6666666666666666,0.3333333333333333,0.3333333333333333,1.883833333333327
2025-10-03,0.6666666666666666,0.3333333333333333,0.3333333333333333,1.585433333333332
2025-10-04,0.8333333333333334,0.16666666666666666,0.6666666666666666,2.080166666666667
2025-10-05,1.0,0.0,1.0,2.6147000000000076
2025-10-06,0.8333333333333334,0.16666666666666666,0.6666666666666666,2.623033333333332
2025-10-07,0.8333333333333334,0.16666666666666666,0.6666666666666666,2.9935666666666676
2025-10-08,0.8333333333333334,0.16666666666666666,0.6666666666666666,2.220466666666661
2025-10-09,1.0,0.0,1.0,2.410733333333338
2025-10-10,0.6666666666666666,0.3333333333333333,0.3333333333333333,1.847333333333334
2025-10-11,0.8333333333333334,0.16666666666666666,0.6666666666666666,2.357833333333327
2025-10-12,1.0,0.0,1.0,2.5715666666666643
2025-10-13,0.8333333333333334,0.16666666666666666,0.6666666666666666,2.3293999999999997
2025-10-14,1.0,0.0,1.0,2.403166666666666
2025-10-15,1.0,0.0,1.0,2.5100666666666656
2025-10-16,1.0,0.0,1.0,2.551399999999999
2025-10-17,1.0,0.0,1.0,2.5243666666666678
2025-10-18,1.0,0.0,1.0,2.4945
2025-10-19,1.0,0.0,1.0,2.3777000000000044
2025-10-20,1.0,0.0,1.0,2.4599999999999986
2025-10-21,1.0,0.0,1.0,2.064066666666664
2025-10-22,1.0,0.0,1.0,2.4100333333333297
2025-10-23,0.8333333333333334,0.16666666666666666,0.6666666666666666,2.3744000000000036
2025-10-24,1.0,0.0,1.0,2.4807
2025-10-25,1.0,0.0,1.0,2.3694333333333346
2025-10-26,1.0,0.0,1.0,2.2347000000000037
2025-10-27,0.8333333333333334,0.16666666666666666,0.6666666666666666,2.0433666666666697
2025-10-28,0.8333333333333334,0.16666666666666666,0.6666666666666666,2.100433333333337
2025-10-29,1.0,0.0,1.0,2.1391333333333287
2025-10-30,1.0,0.0,1.0,2.369199999999998
2025-10-31,0.8333333333333334,0.16666666666666666,0.6666666666666666,2.212433333333337
2025-11-01,0.8333333333333334,0.16666666666666666,0.6666666666666666,2.010199999999996
2025-11-02,1.0,0.0,1.0,2.126766666666667
2025-11-03,1.0,0.0,1.0,2.0092333333333356
2025-11-04,1.0,0.0,1.0,2.164266666666664
2025-11-05,1.0,0.0,1.0,1.942499999999998
2025-11-06,1.0,0.0,1.0,2.610500000000004
2025-11-07,1.0,0.0,1.0,2.204466666666665
2025-11-08,1.0,0.0,1.0,2.48523333333333
2025-11-09,1.0,0.0,1.0,2.5266666666666686
2025-11-10,0.8333333333333334,0.16666666666666666,0.6666666666666666,2.3696666666666695
2025-11-11,1.0,0.0,1.0,2.7856333333333345
2025-11-12,1.0,0.0,1.0,3.5212333333333325
2025-11-13,1.0,0.0,1.0,3.339366666666668
2025-11-14,1.0,0.0,1.0,3.422933333333328
2025-11-15,1.0,0.0,1.0,3.7158666666666647
2025-11-16,1.0,0.0,1.0,3.5942999999999983
2025-11-17,0.8333333333333334,0.16666666666666666,0.6666666666666666,3.0239666666666616
2025-11-18,1.0,0.0,1.0,2.8146333333333367
2025-11-19,1.0,0.0,1.0,3.149533333333334
2025-11-21,1.0,0.0,1.0,3.248500000000002
2025-11-22,1.0,0.0,1.0,2.9891333333333336
2025-11-23,1.0,0.0,1.0,3.1430333333333316
2025-11-24,1.0,0.0,1.0,3.3763666666666716
2025-11-25,1.0,0.0,1.0,3.311999999999994
2025-11-26,1.0,0.0,1.0,2.878533333333332
2025-11-27,0.8333333333333334,0.16666666666666666,0.6666666666666666,2.3810333333333333
2025-11-28,1.0,0.0,1.0,2.5403
2025-11-29,1.0,0.0,1.0,1.9584333333333355
2025-11-30,1.0,0.0,1.0,2.1504666666666736
2025-12-01,0.8333333333333334,0.16666666666666666,0.6666666666666666,1.6801666666666708
2025-12-02,0.8333333333333334,0.16666666666666666,0.6666666666666666,1.711200000000004
2025-12-03,1.0,0.0,1.0,2.1421333333333314
2025-12-04,0.8333333333333334,0.16666666666666666,0.6666666666666666,2.554866666666669
2025-12-05,1.0,0.0,1.0,2.1155333333333375
2025-12-06,1.0,0.0,1.0,2.164000000000003
2025-12-07,1.0,0.0,1.0,2.1993333333333367
2025-12-08,0.8333333333333334,0.16666666666666666,0.6666666666666666,2.002533333333332
2025-12-09,0.8333333333333334,0.16666666666666666,0.6666666666666666,1.8003000000000036
2025-12-10,0.8333333333333334,0.16666666666666666,0.6666666666666666,1.6750666666666685
2025-12-11,0.8333333333333334,0.16666666666666666,0.6666666666666666,1.8456333333333295
2025-12-12,0.8333333333333334,0.16666666666666666,0.6666666666666666,1.7460000000000047
2025-12-13,0.8333333333333334,0.16666666666666666,0.6666666666666666,1.8220999999999918
2025-12-14,0.6666666666666666,0.3333333333333333,0.3333333333333333,0.9588666666666713
2025-12-15,0.8333333333333334,0.16666666666666666,0.6666666666666666,1.0939333333333288
2025-12-16,0.8333333333333334,0.16666666666666666,0.6666666666666666,1.2327666666666655
2025-12-17,0.6666666666666666,0.3333333333333333,0.3333333333333333,1.0349000000000015
2025-12-18,0.6666666666666666,0.3333333333333333,0.3333333333333333,1.2064333333333341
2025-12-19,0.8333333333333334,0.16666666666666666,0.6666666666666666,1.0202333333333335
2025-12-20,0.6666666666666666,0.3333333333333333,0.3333333333333333,0.6859000000000061
2025-12-21,0.6666666666666666,0.3333333333333333,0.3333333333333333,0.9445333333333382
2025-12-22,0.6666666666666666,0.3333333333333333,0.3333333333333333,1.2239666666666658
2025-12-23,0.6666666666666666,0.3333333333333333,0.3333333333333333,0.9532999999999975
2025-12-24,0.6666666666666666,0.3333333333333333,0.3333333333333333,1.0809000000000022
2025-12-25,0.6666666666666666,0.3333333333333333,0.3333333333333333,1.2470999999999997
2025-12-26,0.6666666666666666,0.3333333333333333,0.3333333333333333,1.0490999999999946
2025-12-27,0.6666666666666666,0.3333333333333333,0.3333333333333333,1.5706333333333309
2025-12-28,0.6666666666666666,0.3333333333333333,0.3333333333333333,1.5270333333333295
2025-12-29,0.6666666666666666,0.3333333333333333,0.3333333333333333,1.5313666666666716
2025-12-30,0.6666666666666666,0.3333333333333333,0.3333333333333333,1.225133333333326
2026-01-01,0.6666666666666666,0.3333333333333333,0.3333333333333333,1.6697999999999986
2026-01-02,0.8333333333333334,0.16666666666666666,0.6666666666666666,1.7404000000000022
