horizon,L,alpha,N,da_weight,da,qa,baseline_da,baseline_qa,da_improvement,qa_improvement,beats_both
30,4,0.2,5,0.5,92.81609195402298,93.27150396806113,72.16519861859877,92.79715970977787,20.650893335424215,0.4743442582832529,True
30,4,0.2,5,0.6,92.81609195402298,93.27150396806113,72.16519861859877,92.79715970977787,20.650893335424215,0.4743442582832529,True
30,4,0.2,5,0.7,92.81609195402298,93.27150396806113,72.16519861859877,92.79715970977787,20.650893335424215,0.4743442582832529,True
30,4,0.2,7,0.5,92.52873563218391,93.32835512232931,72.16519861859877,92.79715970977787,20.363537013585145,0.5311954125514404,True
30,4,0.2,7,0.6,92.81609195402298,93.2721517234723,72.16519861859877,92.79715970977787,20.650893335424215,0.47499201369443256,True
30,4,0.2,7,0.7,92.81609195402298,93.2721517234723,72.16519861859877,92.79715970977787,20.650893335424215,0.47499201369443256,True
30,4,0.2,10,0.5,93.96551724137932,93.273027651837,72.16519861859877,92.79715970977787,21.80031862278055,0.47586794205912497,True
30,4,0.2,10,0.6,93.96551724137932,93.273027651837,72.16519861859877,92.79715970977787,21.80031862278055,0.47586794205912497,True
30,4,0.2,10,0.7,93.96551724137932,93.273027651837,72.16519861859877,92.79715970977787,21.80031862278055,0.47586794205912497,True
30,4,0.3,5,0.5,92.81609195402298,93.27371616209217,72.16519861859877,92.79715970977787,20.650893335424215,0.47655645231429844,True
30,4,0.3,5,0.6,92.81609195402298,93.27371616209217,72.16519861859877,92.79715970977787,20.650893335424215,0.47655645231429844,True
30,4,0.3,5,0.7,92.81609195402298,93.27371616209217,72.16519861859877,92.79715970977787,20.650893335424215,0.47655645231429844,True
30,4,0.3,7,0.5,93.10344827586206,93.33087667925945,72.16519861859877,92.79715970977787,20.9382496572633,0.5337169694815742,True
30,4,0.3,7,0.6,93.10344827586206,93.27475716989692,72.16519861859877,92.79715970977787,20.9382496572633,0.4775974601190427,True
30,4,0.3,7,0.7,93.10344827586206,93.27475716989692,72.16519861859877,92.79715970977787,20.9382496572633,0.4775974601190427,True
30,4,0.3,10,0.5,93.67816091954023,93.27537943724744,72.16519861859877,92.79715970977787,21.512962300941467,0.47821972746956476,True
30,4,0.3,10,0.6,93.67816091954023,93.27537943724744,72.16519861859877,92.79715970977787,21.512962300941467,0.47821972746956476,True
30,4,0.3,10,0.7,93.67816091954023,93.27537943724744,72.16519861859877,92.79715970977787,21.512962300941467,0.47821972746956476,True
30,4,0.4,5,0.5,92.81609195402298,93.27615981641189,72.16519861859877,92.79715970977787,20.650893335424215,0.47900010663401815,True
30,4,0.4,5,0.6,92.81609195402298,93.27615981641189,72.16519861859877,92.79715970977787,20.650893335424215,0.47900010663401815,True
30,4,0.4,5,0.7,92.81609195402298,93.27615981641189,72.16519861859877,92.79715970977787,20.650893335424215,0.47900010663401815,True
30,4,0.4,7,0.5,93.10344827586206,93.33359315043157,72.16519861859877,92.79715970977787,20.9382496572633,0.5364334406536955,True
30,4,0.4,7,0.6,93.10344827586206,93.27760414642559,72.16519861859877,92.79715970977787,20.9382496572633,0.48044443664771563,True
30,4,0.4,7,0.7,93.10344827586206,93.27760414642559,72.16519861859877,92.79715970977787,20.9382496572633,0.48044443664771563,True
30,4,0.4,10,0.5,93.96551724137932,93.27797551249236,72.16519861859877,92.79715970977787,21.80031862278055,0.4808158027144884,True
30,4,0.4,10,0.6,93.96551724137932,93.27797551249236,72.16519861859877,92.79715970977787,21.80031862278055,0.4808158027144884,True
30,4,0.4,10,0.7,93.96551724137932,93.27797551249236,72.16519861859877,92.79715970977787,21.80031862278055,0.4808158027144884,True
30,6,0.2,5,0.5,91.95402298850574,93.25565003916225,72.16519861859877,92.79715970977787,19.788824369906976,0.4584903293843752,True
30,6,0.2,5,0.6,91.95402298850574,93.25565003916225,72.16519861859877,92.79715970977787,19.788824369906976,0.4584903293843752,True
30,6,0.2,5,0.7,91.95402298850574,93.25565003916225,72.16519861859877,92.79715970977787,19.788824369906976,0.4584903293843752,True
30,6,0.2,7,0.5,92.52873563218391,93.31221118489592,72.16519861859877,92.79715970977787,20.363537013585145,0.5150514751180424,True
30,6,0.2,7,0.6,92.81609195402298,93.25525774835359,72.16519861859877,92.79715970977787,20.650893335424215,0.45809803857571296,True
30,6,0.2,7,0.7,92.81609195402298,93.25525774835359,72.16519861859877,92.79715970977787,20.650893335424215,0.45809803857571296,True
30,6,0.2,10,0.5,93.10344827586206,93.25899295052137,72.16519861859877,92.79715970977787,20.9382496572633,0.46183324074350196,True
30,6,0.2,10,0.6,93.10344827586206,93.25899295052137,72.16519861859877,92.79715970977787,20.9382496572633,0.46183324074350196,True
30,6,0.2,10,0.7,93.10344827586206,93.25899295052137,72.16519861859877,92.79715970977787,20.9382496572633,0.46183324074350196,True
30,6,0.3,5,0.5,92.52873563218391,93.26191948323402,72.16519861859877,92.79715970977787,20.363537013585145,0.4647597734561515,True
30,6,0.3,5,0.6,92.52873563218391,93.26191948323402,72.16519861859877,92.79715970977787,20.363537013585145,0.4647597734561515,True
30,6,0.3,5,0.7,92.52873563218391,93.26191948323402,72.16519861859877,92.79715970977787,20.363537013585145,0.4647597734561515,True
30,6,0.3,7,0.5,92.81609195402298,93.31866359443161,72.16519861859877,92.79715970977787,20.650893335424215,0.5215038846537396,True
30,6,0.3,7,0.6,93.10344827586206,93.26197396022042,72.16519861859877,92.79715970977787,20.9382496572633,0.46481425044254365,True
30,6,0.3,7,0.7,93.10344827586206,93.26197396022042,72.16519861859877,92.79715970977787,20.9382496572633,0.46481425044254365,True
30,6,0.3,10,0.5,93.67816091954023,93.26445576983471,72.16519861859877,92.79715970977787,21.512962300941467,0.46729606005683877,True
30,6,0.3,10,0.6,93.67816091954023,93.26445576983471,72.16519861859877,92.79715970977787,21.512962300941467,0.46729606005683877,True
30,6,0.3,10,0.7,93.67816091954023,93.26445576983471,72.16519861859877,92.79715970977787,21.512962300941467,0.46729606005683877,True
30,6,0.4,5,0.5,92.81609195402298,93.26826314110745,72.16519861859877,92.79715970977787,20.650893335424215,0.4711034313295812,True
30,6,0.4,5,0.6,92.81609195402298,93.26826314110745,72.16519861859877,92.79715970977787,20.650893335424215,0.4711034313295812,True
30,6,0.4,5,0.7,92.81609195402298,93.26826314110745,72.16519861859877,92.79715970977787,20.650893335424215,0.4711034313295812,True
30,6,0.4,7,0.5,93.10344827586206,93.32518952188215,72.16519861859877,92.79715970977787,20.9382496572633,0.528029812104279,True
30,6,0.4,7,0.6,93.10344827586206,93.26880602877523,72.16519861859877,92.79715970977787,20.9382496572633,0.4716463189973581,True
30,6,0.4,7,0.7,93.10344827586206,93.26880602877523,72.16519861859877,92.79715970977787,20.9382496572633,0.4716463189973581,True
30,6,0.4,10,0.5,93.96551724137932,93.27023569366901,72.16519861859877,92.79715970977787,21.80031862278055,0.47307598389113537,True
30,6,0.4,10,0.6,93.96551724137932,93.27023569366901,72.16519861859877,92.79715970977787,21.80031862278055,0.47307598389113537,True
30,6,0.4,10,0.7,93.96551724137932,93.27023569366901,72.16519861859877,92.79715970977787,21.80031862278055,0.47307598389113537,True
30,8,0.2,5,0.5,91.66666666666666,93.24514197008753,72.16519861859877,92.79715970977787,19.501468048067892,0.44798226030965793,True
30,8,0.2,5,0.6,91.66666666666666,93.24514197008753,72.16519861859877,92.79715970977787,19.501468048067892,0.44798226030965793,True
30,8,0.2,5,0.7,91.66666666666666,93.24514197008753,72.16519861859877,92.79715970977787,19.501468048067892,0.44798226030965793,True
30,8,0.2,7,0.5,92.52873563218391,93.3025824043343,72.16519861859877,92.79715970977787,20.363537013585145,0.5054226945564295,True
30,8,0.2,7,0.6,93.10344827586206,93.24538089854133,72.16519861859877,92.79715970977787,20.9382496572633,0.44822118876345485,True
30,8,0.2,7,0.7,93.10344827586206,93.24538089854133,72.16519861859877,92.79715970977787,20.9382496572633,0.44822118876345485,True
30,8,0.2,10,0.5,93.10344827586206,93.25031843162921,72.16519861859877,92.79715970977787,20.9382496572633,0.453158721851338,True
30,8,0.2,10,0.6,93.10344827586206,93.25031843162921,72.16519861859877,92.79715970977787,20.9382496572633,0.453158721851338,True
30,8,0.2,10,0.7,93.10344827586206,93.25031843162921,72.16519861859877,92.79715970977787,20.9382496572633,0.453158721851338,True
30,8,0.3,5,0.5,92.24137931034483,93.25525512216451,72.16519861859877,92.79715970977787,20.07618069174606,0.45809541238664053,True
30,8,0.3,5,0.6,92.24137931034483,93.25525512216451,72.16519861859877,92.79715970977787,20.07618069174606,0.45809541238664053,True
30,8,0.3,5,0.7,92.24137931034483,93.25525512216451,72.16519861859877,92.79715970977787,20.07618069174606,0.45809541238664053,True
30,8,0.3,7,0.5,92.52873563218391,93.31249543287203,72.16519861859877,92.79715970977787,20.363537013585145,0.5153357230941538,True
30,8,0.3,7,0.6,93.10344827586206,93.2556207199337,72.16519861859877,92.79715970977787,20.9382496572633,0.45846101015582974,True
30,8,0.3,7,0.7,93.10344827586206,93.2556207199337,72.16519861859877,92.79715970977787,20.9382496572633,0.45846101015582974,True
30,8,0.3,10,0.5,93.39080459770115,93.25874797029729,72.16519861859877,92.79715970977787,21.225605979102383,0.46158826051942015,True
30,8,0.3,10,0.6,93.39080459770115,93.25874797029729,72.16519861859877,92.79715970977787,21.225605979102383,0.46158826051942015,True
30,8,0.3,10,0.7,93.39080459770115,93.25874797029729,72.16519861859877,92.79715970977787,21.225605979102383,0.46158826051942015,True
30,8,0.4,5,0.5,92.81609195402298,93.26473601456368,72.16519861859877,92.79715970977787,20.650893335424215,0.46757630478580836,True
30,8,0.4,5,0.6,92.81609195402298,93.26473601456368,72.16519861859877,92.79715970977787,20.650893335424215,0.46757630478580836,True
30,8,0.4,5,0.7,92.81609195402298,93.26473601456368,72.16519861859877,92.79715970977787,20.650893335424215,0.46757630478580836,True
30,8,0.4,7,0.5,93.39080459770115,93.32179961104681,72.16519861859877,92.79715970977787,21.225605979102383,0.5246399012689409,True
30,8,0.4,7,0.6,93.10344827586206,93.26535156790355,72.16519861859877,92.79715970977787,20.9382496572633,0.4681918581256781,True
30,8,0.4,7,0.7,93.10344827586206,93.26535156790355,72.16519861859877,92.79715970977787,20.9382496572633,0.4681918581256781,True
30,8,0.4,10,0.5,93.96551724137932,93.26707717213849,72.16519861859877,92.79715970977787,21.80031862278055,0.4699174623606126,True
30,8,0.4,10,0.6,93.96551724137932,93.26707717213849,72.16519861859877,92.79715970977787,21.80031862278055,0.4699174623606126,True
30,8,0.4,10,0.7,93.96551724137932,93.26707717213849,72.16519861859877,92.79715970977787,21.80031862278055,0.4699174623606126,True
60,4,0.2,5,0.5,86.80738786279683,88.9309531508117,59.31739056032775,89.08465465026029,27.489997302469078,-0.15370149944858724,False
60,4,0.2,5,0.6,86.80738786279683,88.9309531508117,59.31739056032775,89.08465465026029,27.489997302469078,-0.15370149944858724,False
60,4,0.2,5,0.7,83.11345646437994,88.68472078655024,59.31739056032775,89.08465465026029,23.796065904052185,-0.39993386371004647,False
60,4,0.2,7,0.5,87.33509234828496,88.82873153877362,59.31739056032775,89.08465465026029,28.017701787957208,-0.25592311148666624,False
60,4,0.2,7,0.6,87.33509234828496,88.82873153877362,59.31739056032775,89.08465465026029,28.017701787957208,-0.25592311148666624,False
60,4,0.2,7,0.7,88.65435356200527,88.68266418164247,59.31739056032775,89.08465465026029,29.336963001677518,-0.40199046861782506,False
60,4,0.2,10,0.5,87.0712401055409,88.77548900016082,59.31739056032775,89.08465465026029,27.753849545213143,-0.30916565009947305,False
60,4,0.2,10,0.6,87.0712401055409,88.77548900016082,59.31739056032775,89.08465465026029,27.753849545213143,-0.30916565009947305,False
60,4,0.2,10,0.7,87.0712401055409,88.77548900016082,59.31739056032775,89.08465465026029,27.753849545213143,-0.30916565009947305,False
60,4,0.3,5,0.5,86.80738786279683,88.93190535578817,59.31739056032775,89.08465465026029,27.489997302469078,-0.15274929447211605,False
60,4,0.3,5,0.6,86.80738786279683,88.93190535578817,59.31739056032775,89.08465465026029,27.489997302469078,-0.15274929447211605,False
60,4,0.3,5,0.7,83.11345646437994,88.68680688680463,59.31739056032775,89.08465465026029,23.796065904052185,-0.3978477634556583,False
60,4,0.3,7,0.5,87.33509234828496,88.83215714790572,59.31739056032775,89.08465465026029,28.017701787957208,-0.25249750235457213,False
60,4,0.3,7,0.6,87.33509234828496,88.83215714790572,59.31739056032775,89.08465465026029,28.017701787957208,-0.25249750235457213,False
60,4,0.3,7,0.7,88.65435356200527,88.68404928733155,59.31739056032775,89.08465465026029,29.336963001677518,-0.4006053629287436,False
60,4,0.3,10,0.5,87.0712401055409,88.77940194609249,59.31739056032775,89.08465465026029,27.753849545213143,-0.30525270416779904,False
60,4,0.3,10,0.6,87.0712401055409,88.77940194609249,59.31739056032775,89.08465465026029,27.753849545213143,-0.30525270416779904,False
60,4,0.3,10,0.7,87.0712401055409,88.77940194609249,59.31739056032775,89.08465465026029,27.753849545213143,-0.30525270416779904,False
60,4,0.4,5,0.5,86.54353562005277,88.9317577703345,59.31739056032775,89.08465465026029,27.226145059725013,-0.15289687992579104,False
60,4,0.4,5,0.6,86.54353562005277,88.9317577703345,59.31739056032775,89.08465465026029,27.226145059725013,-0.15289687992579104,False
60,4,0.4,5,0.7,82.84960422163589,88.68879310028281,59.31739056032775,89.08465465026029,23.532213661308134,-0.39586154997748224,False
60,4,0.4,7,0.5,87.0712401055409,88.83517798042261,59.31739056032775,89.08465465026029,27.753849545213143,-0.24947666983767647,False
60,4,0.4,7,0.6,87.0712401055409,88.83517798042261,59.31739056032775,89.08465465026029,27.753849545213143,-0.24947666983767647,False
60,4,0.4,7,0.7,88.91820580474933,88.68442533624426,59.31739056032775,89.08465465026029,29.600815244421582,-0.40022931401603046,False
60,4,0.4,10,0.5,87.0712401055409,88.7817880108687,59.31739056032775,89.08465465026029,27.753849545213143,-0.3028666393915955,False
60,4,0.4,10,0.6,87.0712401055409,88.7817880108687,59.31739056032775,89.08465465026029,27.753849545213143,-0.3028666393915955,False
60,4,0.4,10,0.7,87.0712401055409,88.7817880108687,59.31739056032775,89.08465465026029,27.753849545213143,-0.3028666393915955,False
60,6,0.2,5,0.5,86.80738786279683,88.9183784565818,59.31739056032775,89.08465465026029,27.489997302469078,-0.16627619367848467,False
60,6,0.2,5,0.6,86.80738786279683,88.9183784565818,59.31739056032775,89.08465465026029,27.489997302469078,-0.16627619367848467,False
60,6,0.2,5,0.7,83.64116094986808,88.6982071483423,59.31739056032775,89.08465465026029,24.32377038954033,-0.38644750191798494,False
60,6,0.2,7,0.5,86.80738786279683,88.81902684938959,59.31739056032775,89.08465465026029,27.489997302469078,-0.26562780087070337,False
60,6,0.2,7,0.6,86.80738786279683,88.81902684938959,59.31739056032775,89.08465465026029,27.489997302469078,-0.26562780087070337,False
60,6,0.2,7,0.7,88.65435356200527,88.6702074871075,59.31739056032775,89.08465465026029,29.336963001677518,-0.4144471631527864,False
60,6,0.2,10,0.5,86.54353562005277,88.76107201524505,59.31739056032775,89.08465465026029,27.226145059725013,-0.3235826350152422,False
60,6,0.2,10,0.6,86.54353562005277,88.76107201524505,59.31739056032775,89.08465465026029,27.226145059725013,-0.3235826350152422,False
60,6,0.2,10,0.7,86.54353562005277,88.76107201524505,59.31739056032775,89.08465465026029,27.226145059725013,-0.3235826350152422,False
60,6,0.3,5,0.5,86.80738786279683,88.92394627056714,59.31739056032775,89.08465465026029,27.489997302469078,-0.16070837969314766,False
60,6,0.3,5,0.6,86.80738786279683,88.92394627056714,59.31739056032775,89.08465465026029,27.489997302469078,-0.16070837969314766,False
60,6,0.3,5,0.7,84.1688654353562,88.69529489333232,59.31739056032775,89.08465465026029,24.851474875028444,-0.3893597569279734,False
60,6,0.3,7,0.5,87.59894459102902,88.82466517512822,59.31739056032775,89.08465465026029,28.281554030701272,-0.25998947513207327,False
60,6,0.3,7,0.6,87.59894459102902,88.82466517512822,59.31739056032775,89.08465465026029,28.281554030701272,-0.25998947513207327,False
60,6,0.3,7,0.7,89.18205804749341,88.67560992042944,59.31739056032775,89.08465465026029,29.86466748716566,-0.40904472983085327,False
60,6,0.3,10,0.5,86.54353562005277,88.769731984505,59.31739056032775,89.08465465026029,27.226145059725013,-0.31492266575529015,False
60,6,0.3,10,0.6,86.54353562005277,88.769731984505,59.31739056032775,89.08465465026029,27.226145059725013,-0.31492266575529015,False
60,6,0.3,10,0.7,86.54353562005277,88.769731984505,59.31739056032775,89.08465465026029,27.226145059725013,-0.31492266575529015,False
60,6,0.4,5,0.5,86.2796833773087,88.92791432136265,59.31739056032775,89.08465465026029,26.96229281698095,-0.15674032889764078,False
60,6,0.4,5,0.6,86.2796833773087,88.92791432136265,59.31739056032775,89.08465465026029,26.96229281698095,-0.15674032889764078,False
60,6,0.4,5,0.7,83.64116094986808,88.69346878962052,59.31739056032775,89.08465465026029,24.32377038954033,-0.3911858606397658,False
60,6,0.4,7,0.5,87.33509234828496,88.83046434702021,59.31739056032775,89.08465465026029,28.017701787957208,-0.25419030324007963,False
60,6,0.4,7,0.6,87.33509234828496,88.83046434702021,59.31739056032775,89.08465465026029,28.017701787957208,-0.25419030324007963,False
60,6,0.4,7,0.7,88.65435356200527,88.68009540029053,59.31739056032775,89.08465465026029,29.336963001677518,-0.4045592499697648,False
60,6,0.4,10,0.5,87.0712401055409,88.77697812119705,59.31739056032775,89.08465465026029,27.753849545213143,-0.3076765290632437,False
60,6,0.4,10,0.6,87.0712401055409,88.77697812119705,59.31739056032775,89.08465465026029,27.753849545213143,-0.3076765290632437,False
60,6,0.4,10,0.7,87.0712401055409,88.77697812119705,59.31739056032775,89.08465465026029,27.753849545213143,-0.3076765290632437,False
60,8,0.2,5,0.5,86.54353562005277,88.90451448472022,59.31739056032775,89.08465465026029,27.226145059725013,-0.18014016554006673,False
60,8,0.2,5,0.6,86.54353562005277,88.90451448472022,59.31739056032775,89.08465465026029,27.226145059725013,-0.18014016554006673,False
60,8,0.2,5,0.7,82.84960422163589,88.70811237201104,59.31739056032775,89.08465465026029,23.532213661308134,-0.37654227824924646,False
60,8,0.2,7,0.5,85.75197889182058,88.80788027394553,59.31739056032775,89.08465465026029,26.434588331492833,-0.2767743763147621,False
60,8,0.2,7,0.6,85.75197889182058,88.80788027394553,59.31739056032775,89.08465465026029,26.434588331492833,-0.2767743763147621,False
60,8,0.2,7,0.7,88.12664907651715,88.66449310148359,59.31739056032775,89.08465465026029,28.809258516189402,-0.4201615487767043,False
60,8,0.2,10,0.5,85.4881266490765,88.75033396606426,59.31739056032775,89.08465465026029,26.170736088748754,-0.33432068419602956,False
60,8,0.2,10,0.6,85.4881266490765,88.75033396606426,59.31739056032775,89.08465465026029,26.170736088748754,-0.33432068419602956,False
60,8,0.2,10,0.7,85.4881266490765,88.75033396606426,59.31739056032775,89.08465465026029,26.170736088748754,-0.33432068419602956,False
60,8,0.3,5,0.5,86.80738786279683,88.91708189467377,59.31739056032775,89.08465465026029,27.489997302469078,-0.1675727555865194,False
60,8,0.3,5,0.6,86.80738786279683,88.91708189467377,59.31739056032775,89.08465465026029,27.489997302469078,-0.1675727555865194,False
60,8,0.3,5,0.7,83.64116094986808,88.70354677592128,59.31739056032775,89.08465465026029,24.32377038954033,-0.3811078743390084,False
60,8,0.3,7,0.5,86.54353562005277,88.81795858495506,59.31739056032775,89.08465465026029,27.226145059725013,-0.2666960653052257,False
60,8,0.3,7,0.6,86.54353562005277,88.81795858495506,59.31739056032775,89.08465465026029,27.226145059725013,-0.2666960653052257,False
60,8,0.3,7,0.7,87.59894459102902,88.67206192382329,59.31739056032775,89.08465465026029,28.281554030701272,-0.41259272643699774,False
60,8,0.3,10,0.5,86.01583113456465,88.76300355466026,59.31739056032775,89.08465465026029,26.698440574236898,-0.321651095600032,False
60,8,0.3,10,0.6,86.01583113456465,88.76300355466026,59.31739056032775,89.08465465026029,26.698440574236898,-0.321651095600032,False
60,8,0.3,10,0.7,86.01583113456465,88.76300355466026,59.31739056032775,89.08465465026029,26.698440574236898,-0.321651095600032,False
60,8,0.4,5,0.5,86.2796833773087,88.92583772385329,59.31739056032775,89.08465465026029,26.96229281698095,-0.15881692640699896,False
60,8,0.4,5,0.6,86.2796833773087,88.92583772385329,59.31739056032775,89.08465465026029,26.96229281698095,-0.15881692640699896,False
60,8,0.4,5,0.7,83.11345646437994,88.69851096563539,59.31739056032775,89.08465465026029,23.796065904052185,-0.3861436846248978,False
60,8,0.4,7,0.5,86.80738786279683,88.82719054924263,59.31739056032775,89.08465465026029,27.489997302469078,-0.2574641010176606,False
60,8,0.4,7,0.6,86.80738786279683,88.82719054924263,59.31739056032775,89.08465465026029,27.489997302469078,-0.2574641010176606,False
60,8,0.4,7,0.7,88.65435356200527,88.67844909173779,59.31739056032775,89.08465465026029,29.336963001677518,-0.40620555852250106,False
60,8,0.4,10,0.5,86.80738786279683,88.77387617182126,59.31739056032775,89.08465465026029,27.489997302469078,-0.3107784784390333,False
60,8,0.4,10,0.6,86.80738786279683,88.77387617182126,59.31739056032775,89.08465465026029,27.489997302469078,-0.3107784784390333,False
60,8,0.4,10,0.7,86.80738786279683,88.77387617182126,59.31739056032775,89.08465465026029,27.489997302469078,-0.3107784784390333,False
90,4,0.2,5,0.5,87.56613756613757,87.03033906766187,61.56460770828658,87.73786309310226,26.00152985785099,-0.7075240254403923,False
90,4,0.2,5,0.6,87.56613756613757,87.03033906766187,61.56460770828658,87.73786309310226,26.00152985785099,-0.7075240254403923,False
90,4,0.2,5,0.7,87.56613756613757,87.03033906766187,61.56460770828658,87.73786309310226,26.00152985785099,-0.7075240254403923,False
90,4,0.2,7,0.5,89.94708994708994,87.04103699969463,61.56460770828658,87.73786309310226,28.382482238803355,-0.6968260934076369,False
90,4,0.2,7,0.6,89.94708994708994,87.04103699969463,61.56460770828658,87.73786309310226,28.382482238803355,-0.6968260934076369,False
90,4,0.2,7,0.7,86.5079365079365,87.05617591943442,61.56460770828658,87.73786309310226,24.943328799649926,-0.6816871736678394,False
90,4,0.2,10,0.5,89.15343915343915,87.05525209701324,61.56460770828658,87.73786309310226,27.58883144515257,-0.682610996089025,False
90,4,0.2,10,0.6,89.15343915343915,87.05525209701324,61.56460770828658,87.73786309310226,27.58883144515257,-0.682610996089025,False
90,4,0.2,10,0.7,89.15343915343915,87.05525209701324,61.56460770828658,87.73786309310226,27.58883144515257,-0.682610996089025,False
90,4,0.3,5,0.5,87.83068783068782,87.02577389971245,61.56460770828658,87.73786309310226,26.26608012240124,-0.712089193389815,False
90,4,0.3,5,0.6,87.83068783068782,87.02577389971245,61.56460770828658,87.73786309310226,26.26608012240124,-0.712089193389815,False
90,4,0.3,5,0.7,87.83068783068782,87.02577389971245,61.56460770828658,87.73786309310226,26.26608012240124,-0.712089193389815,False
90,4,0.3,7,0.5,90.74074074074075,87.03514928790047,61.56460770828658,87.73786309310226,29.176133032454167,-0.702713805201796,False
90,4,0.3,7,0.6,90.74074074074075,87.03514928790047,61.56460770828658,87.73786309310226,29.176133032454167,-0.702713805201796,False
90,4,0.3,7,0.7,87.03703703703704,87.05237312032382,61.56460770828658,87.73786309310226,25.472429328750458,-0.6854899727784414,False
90,4,0.3,10,0.5,89.41798941798942,87.04863738201921,61.56460770828658,87.73786309310226,27.853381709702838,-0.6892257110830542,False
90,4,0.3,10,0.6,89.41798941798942,87.04863738201921,61.56460770828658,87.73786309310226,27.853381709702838,-0.6892257110830542,False
90,4,0.3,10,0.7,89.41798941798942,87.04863738201921,61.56460770828658,87.73786309310226,27.853381709702838,-0.6892257110830542,False
90,4,0.4,5,0.5,88.09523809523809,87.02051753511729,61.56460770828658,87.73786309310226,26.530630386951508,-0.7173455579849701,False
90,4,0.4,5,0.6,88.09523809523809,87.02051753511729,61.56460770828658,87.73786309310226,26.530630386951508,-0.7173455579849701,False
90,4,0.4,5,0.7,88.09523809523809,87.02051753511729,61.56460770828658,87.73786309310226,26.530630386951508,-0.7173455579849701,False
90,4,0.4,7,0.5,91.005291005291,87.02841820681697,61.56460770828658,87.73786309310226,29.44068329700442,-0.7094448862852971,False
90,4,0.4,7,0.6,91.005291005291,87.02841820681697,61.56460770828658,87.73786309310226,29.44068329700442,-0.7094448862852971,False
90,4,0.4,7,0.7,87.03703703703704,87.04822020215464,61.56460770828658,87.73786309310226,25.472429328750458,-0.6896428909476242,False
90,4,0.4,10,0.5,89.68253968253968,87.04136214446093,61.56460770828658,87.73786309310226,28.117931974253104,-0.6965009486413294,False
90,4,0.4,10,0.6,89.68253968253968,87.04136214446093,61.56460770828658,87.73786309310226,28.117931974253104,-0.6965009486413294,False
90,4,0.4,10,0.7,89.68253968253968,87.04136214446093,61.56460770828658,87.73786309310226,28.117931974253104,-0.6965009486413294,False
90,6,0.2,5,0.5,87.03703703703704,87.0308944899496,61.56460770828658,87.73786309310226,25.472429328750458,-0.7069686031526601,False
90,6,0.2,5,0.6,87.03703703703704,87.0308944899496,61.56460770828658,87.73786309310226,25.472429328750458,-0.7069686031526601,False
90,6,0.2,5,0.7,87.03703703703704,87.0308944899496,61.56460770828658,87.73786309310226,25.472429328750458,-0.7069686031526601,False
90,6,0.2,7,0.5,89.94708994708994,87.04143301133324,61.56460770828658,87.73786309310226,28.382482238803355,-0.696430081769023,False
90,6,0.2,7,0.6,89.94708994708994,87.04143301133324,61.56460770828658,87.73786309310226,28.382482238803355,-0.696430081769023,False
90,6,0.2,7,0.7,86.24338624338624,87.06063877117583,61.56460770828658,87.73786309310226,24.67877853509966,-0.6772243219264311,False
90,6,0.2,10,0.5,89.15343915343915,87.05997273952094,61.56460770828658,87.73786309310226,27.58883144515257,-0.6778903535813185,False
90,6,0.2,10,0.6,89.15343915343915,87.05997273952094,61.56460770828658,87.73786309310226,27.58883144515257,-0.6778903535813185,False
90,6,0.2,10,0.7,89.15343915343915,87.05997273952094,61.56460770828658,87.73786309310226,27.58883144515257,-0.6778903535813185,False
90,6,0.3,5,0.5,88.09523809523809,87.02562103752696,61.56460770828658,87.73786309310226,26.530630386951508,-0.7122420555753024,False
90,6,0.3,5,0.6,88.09523809523809,87.02562103752696,61.56460770828658,87.73786309310226,26.530630386951508,-0.7122420555753024,False
90,6,0.3,5,0.7,88.09523809523809,87.02562103752696,61.56460770828658,87.73786309310226,26.530630386951508,-0.7122420555753024,False
90,6,0.3,7,0.5,90.74074074074075,87.03439159350602,61.56460770828658,87.73786309310226,29.176133032454167,-0.7034714995962474,False
90,6,0.3,7,0.6,90.74074074074075,87.03439159350602,61.56460770828658,87.73786309310226,29.176133032454167,-0.7034714995962474,False
90,6,0.3,7,0.7,87.03703703703704,87.0563985441369,61.56460770828658,87.73786309310226,25.472429328750458,-0.6814645489653657,False
90,6,0.3,10,0.5,89.41798941798942,87.05156691133953,61.56460770828658,87.73786309310226,27.853381709702838,-0.686296181762728,False
90,6,0.3,10,0.6,89.41798941798942,87.05156691133953,61.56460770828658,87.73786309310226,27.853381709702838,-0.686296181762728,False
90,6,0.3,10,0.7,89.41798941798942,87.05156691133953,61.56460770828658,87.73786309310226,27.853381709702838,-0.686296181762728,False
90,6,0.4,5,0.5,88.62433862433863,87.01934434416833,61.56460770828658,87.73786309310226,27.059730916052054,-0.7185187489339313,False
90,6,0.4,5,0.6,88.62433862433863,87.01934434416833,61.56460770828658,87.73786309310226,27.059730916052054,-0.7185187489339313,False
90,6,0.4,5,0.7,88.62433862433863,87.01934434416833,61.56460770828658,87.73786309310226,27.059730916052054,-0.7185187489339313,False
90,6,0.4,7,0.5,91.7989417989418,87.02793549176991,61.56460770828658,87.73786309310226,30.234334090655217,-0.7099276013323532,False
90,6,0.4,7,0.6,91.7989417989418,87.02793549176991,61.56460770828658,87.73786309310226,30.234334090655217,-0.7099276013323532,False
90,6,0.4,7,0.7,87.83068783068782,87.05097974703747,61.56460770828658,87.73786309310226,26.26608012240124,-0.6868833460647892,False
90,6,0.4,10,0.5,89.68253968253968,87.04320791799289,61.56460770828658,87.73786309310226,28.117931974253104,-0.694655175109375,False
90,6,0.4,10,0.6,89.68253968253968,87.04320791799289,61.56460770828658,87.73786309310226,28.117931974253104,-0.694655175109375,False
90,6,0.4,10,0.7,89.68253968253968,87.04320791799289,61.56460770828658,87.73786309310226,28.117931974253104,-0.694655175109375,False
90,8,0.2,5,0.5,86.77248677248677,87.03712054439411,61.56460770828658,87.73786309310226,25.207879064200192,-0.7007425487081491,False
90,8,0.2,5,0.6,86.77248677248677,87.03712054439411,61.56460770828658,87.73786309310226,25.207879064200192,-0.7007425487081491,False
90,8,0.2,5,0.7,86.77248677248677,87.03712054439411,61.56460770828658,87.73786309310226,25.207879064200192,-0.7007425487081491,False
90,8,0.2,7,0.5,89.15343915343915,87.03843392746761,61.56460770828658,87.73786309310226,27.58883144515257,-0.6994291656346547,False
90,8,0.2,7,0.6,89.15343915343915,87.03843392746761,61.56460770828658,87.73786309310226,27.58883144515257,-0.6994291656346547,False
90,8,0.2,7,0.7,85.18518518518519,87.06618113904462,61.56460770828658,87.73786309310226,23.62057747689861,-0.6716819540576466,False
90,8,0.2,10,0.5,87.56613756613757,87.06095739725093,61.56460770828658,87.73786309310226,26.00152985785099,-0.6769056958513318,False
90,8,0.2,10,0.6,87.56613756613757,87.06095739725093,61.56460770828658,87.73786309310226,26.00152985785099,-0.6769056958513318,False
90,8,0.2,10,0.7,87.56613756613757,87.06095739725093,61.56460770828658,87.73786309310226,26.00152985785099,-0.6769056958513318,False
90,8,0.3,5,0.5,87.83068783068782,87.02848287981926,61.56460770828658,87.73786309310226,26.26608012240124,-0.7093802132829978,False
90,8,0.3,5,0.6,87.83068783068782,87.02848287981926,61.56460770828658,87.73786309310226,26.26608012240124,-0.7093802132829978,False
90,8,0.3,5,0.7,87.83068783068782,87.02848287981926,61.56460770828658,87.73786309310226,26.26608012240124,-0.7093802132829978,False
90,8,0.3,7,0.5,90.21164021164022,87.03081952660071,61.56460770828658,87.73786309310226,28.647032503353635,-0.7070435665015538,False
90,8,0.3,7,0.6,90.21164021164022,87.03081952660071,61.56460770828658,87.73786309310226,28.647032503353635,-0.7070435665015538,False
90,8,0.3,7,0.7,86.24338624338624,87.05857631982677,61.56460770828658,87.73786309310226,24.67877853509966,-0.6792867732754928,False
90,8,0.3,10,0.5,89.15343915343915,87.05105184088065,61.56460770828658,87.73786309310226,27.58883144515257,-0.6868112522216165,False
90,8,0.3,10,0.6,89.15343915343915,87.05105184088065,61.56460770828658,87.73786309310226,27.58883144515257,-0.6868112522216165,False
90,8,0.3,10,0.7,89.15343915343915,87.05105184088065,61.56460770828658,87.73786309310226,27.58883144515257,-0.6868112522216165,False
90,8,0.4,5,0.5,88.62433862433863,87.01980415607608,61.56460770828658,87.73786309310226,27.059730916052054,-0.7180589370261856,False
90,8,0.4,5,0.6,88.62433862433863,87.01980415607608,61.56460770828658,87.73786309310226,27.059730916052054,-0.7180589370261856,False
90,8,0.4,5,0.7,88.62433862433863,87.01980415607608,61.56460770828658,87.73786309310226,27.059730916052054,-0.7180589370261856,False
90,8,0.4,7,0.5,91.53439153439153,87.0245445252279,61.56460770828658,87.73786309310226,29.96978382610495,-0.7133185678743672,False
90,8,0.4,7,0.6,91.53439153439153,87.0245445252279,61.56460770828658,87.73786309310226,29.96978382610495,-0.7133185678743672,False
90,8,0.4,7,0.7,87.56613756613757,87.05161720964716,61.56460770828658,87.73786309310226,26.00152985785099,-0.6862458834551006,False
90,8,0.4,10,0.5,89.68253968253968,87.04191352907483,61.56460770828658,87.73786309310226,28.117931974253104,-0.6959495640274298,False
90,8,0.4,10,0.6,89.68253968253968,87.04191352907483,61.56460770828658,87.73786309310226,28.117931974253104,-0.6959495640274298,False
90,8,0.4,10,0.7,89.68253968253968,87.04191352907483,61.56460770828658,87.73786309310226,28.117931974253104,-0.6959495640274298,False
180,4,0.2,5,0.5,84.96042216358839,83.01831019024551,71.64840676447088,83.98686246802373,13.312015399117513,-0.9685522777782154,False
180,4,0.2,5,0.6,86.01583113456465,83.1594121408035,71.64840676447088,83.98686246802373,14.367424370093772,-0.8274503272202338,False
180,4,0.2,5,0.7,86.2796833773087,82.94855838136276,71.64840676447088,83.98686246802373,14.631276612837823,-1.0383040866609718,False
180,4,0.2,7,0.5,83.90501319261213,83.04516504149365,71.64840676447088,83.98686246802373,12.256606428141254,-0.9416974265300837,False
180,4,0.2,7,0.6,85.4881266490765,83.00331362463133,71.64840676447088,83.98686246802373,13.839719884605628,-0.9835488433923985,False
180,4,0.2,7,0.7,85.4881266490765,83.00331362463133,71.64840676447088,83.98686246802373,13.839719884605628,-0.9835488433923985,False
180,4,0.2,10,0.5,85.22427440633246,83.0797631360572,71.64840676447088,83.98686246802373,13.575867641861578,-0.9070993319665348,False
180,4,0.2,10,0.6,85.4881266490765,82.95059716245532,71.64840676447088,83.98686246802373,13.839719884605628,-1.0362653055684063,False
180,4,0.2,10,0.7,87.33509234828496,82.90120158230263,71.64840676447088,83.98686246802373,15.686685583814082,-1.0856608857210972,False
180,4,0.3,5,0.5,84.96042216358839,83.01956446823546,71.64840676447088,83.98686246802373,13.312015399117513,-0.967297999788272,False
180,4,0.3,5,0.6,86.01583113456465,83.16097724948531,71.64840676447088,83.98686246802373,14.367424370093772,-0.8258852185384171,False
180,4,0.3,5,0.7,86.2796833773087,82.95095878953634,71.64840676447088,83.98686246802373,14.631276612837823,-1.0359036784873865,False
180,4,0.3,7,0.5,84.1688654353562,83.04579749001186,71.64840676447088,83.98686246802373,12.520458670885318,-0.9410649780118661,False
180,4,0.3,7,0.6,85.4881266490765,83.00429210752472,71.64840676447088,83.98686246802373,13.839719884605628,-0.982570360499011,False
180,4,0.3,7,0.7,85.4881266490765,83.00429210752472,71.64840676447088,83.98686246802373,13.839719884605628,-0.982570360499011,False
180,4,0.3,10,0.5,85.22427440633246,83.08011692467177,71.64840676447088,83.98686246802373,13.575867641861578,-0.9067455433519598,False
180,4,0.3,10,0.6,85.4881266490765,82.95124495049006,71.64840676447088,83.98686246802373,13.839719884605628,-1.035617517533666,False
180,4,0.3,10,0.7,87.33509234828496,82.90223484239952,71.64840676447088,83.98686246802373,15.686685583814082,-1.0846276256242078,False
180,4,0.4,5,0.5,84.96042216358839,83.02055487974634,71.64840676447088,83.98686246802373,13.312015399117513,-0.9663075882773882,False
180,4,0.4,5,0.6,86.01583113456465,83.16248885344575,71.64840676447088,83.98686246802373,14.367424370093772,-0.8243736145779792,False
180,4,0.4,5,0.7,86.2796833773087,82.9535182211026,71.64840676447088,83.98686246802373,14.631276612837823,-1.033344246921132,False
180,4,0.4,7,0.5,84.1688654353562,83.0462635881379,71.64840676447088,83.98686246802373,12.520458670885318,-0.940598879885826,False
180,4,0.4,7,0.6,85.75197889182058,83.00526811088912,71.64840676447088,83.98686246802373,14.103572127349707,-0.9815943571346111,False
180,4,0.4,7,0.7,85.75197889182058,83.00526811088912,71.64840676447088,83.98686246802373,14.103572127349707,-0.9815943571346111,False
180,4,0.4,10,0.5,85.22427440633246,83.08038507042811,71.64840676447088,83.98686246802373,13.575867641861578,-0.9064773975956228,False
180,4,0.4,10,0.6,85.75197889182058,82.9519535451784,71.64840676447088,83.98686246802373,14.103572127349707,-1.0349089228453323,False
180,4,0.4,10,0.7,87.86279683377309,82.90302033250191,71.64840676447088,83.98686246802373,16.214390069302212,-1.0838421355218202,False
180,6,0.2,5,0.5,84.1688654353562,83.01991713884019,71.64840676447088,83.98686246802373,12.520458670885318,-0.9669453291835453,False
180,6,0.2,5,0.6,86.01583113456465,83.16490285837239,71.64840676447088,83.98686246802373,14.367424370093772,-0.8219596096513442,False
180,6,0.2,5,0.7,86.01583113456465,82.94937868042625,71.64840676447088,83.98686246802373,14.367424370093772,-1.0374837875974805,False
180,6,0.2,7,0.5,83.64116094986808,83.04775460170085,71.64840676447088,83.98686246802373,11.992754185397203,-0.9391078663228853,False
180,6,0.2,7,0.6,84.96042216358839,83.00179119610341,71.64840676447088,83.98686246802373,13.312015399117513,-0.9850712719203187,False
180,6,0.2,7,0.7,84.96042216358839,83.00179119610341,71.64840676447088,83.98686246802373,13.312015399117513,-0.9850712719203187,False
180,6,0.2,10,0.5,83.90501319261213,83.08312410710897,71.64840676447088,83.98686246802373,12.256606428141254,-0.9037383609147582,False
180,6,0.2,10,0.6,84.96042216358839,82.94942223703073,71.64840676447088,83.98686246802373,13.312015399117513,-1.037440230992999,False
180,6,0.2,10,0.7,87.33509234828496,82.90495187958852,71.64840676447088,83.98686246802373,15.686685583814082,-1.081910588435207,False
180,6,0.3,5,0.5,84.69656992084433,83.02158882922514,71.64840676447088,83.98686246802373,13.048163156373448,-0.9652736387985925,False
180,6,0.3,5,0.6,86.01583113456465,83.16652118930081,71.64840676447088,83.98686246802373,14.367424370093772,-0.8203412787229212,False
180,6,0.3,5,0.7,86.01583113456465,82.95181417798611,71.64840676447088,83.98686246802373,14.367424370093772,-1.035048290037622,False
180,6,0.3,7,0.5,83.64116094986808,83.04835910360273,71.64840676447088,83.98686246802373,11.992754185397203,-0.9385033644209955,False
180,6,0.3,7,0.6,85.22427440633246,83.0030137803723,71.64840676447088,83.98686246802373,13.575867641861578,-0.983848687651431,False
180,6,0.3,7,0.7,85.22427440633246,83.0030137803723,71.64840676447088,83.98686246802373,13.575867641861578,-0.983848687651431,False
180,6,0.3,10,0.5,84.96042216358839,83.08325153622762,71.64840676447088,83.98686246802373,13.312015399117513,-0.9036109317961092,False
180,6,0.3,10,0.6,85.22427440633246,82.95011328364131,71.64840676447088,83.98686246802373,13.575867641861578,-1.0367491843824155,False
180,6,0.3,10,0.7,87.59894459102902,82.90554166335303,71.64840676447088,83.98686246802373,15.950537826558147,-1.0813208046706961,False
180,6,0.4,5,0.5,84.96042216358839,83.02259667511267,71.64840676447088,83.98686246802373,13.312015399117513,-0.9642657929110641,False
180,6,0.4,5,0.6,86.01583113456465,83.16737592087003,71.64840676447088,83.98686246802373,14.367424370093772,-0.8194865471537014,False
180,6,0.4,5,0.7,86.2796833773087,82.95424707645623,71.64840676447088,83.98686246802373,14.631276612837823,-1.0326153915675036,False
180,6,0.4,7,0.5,84.1688654353562,83.04846502871229,71.64840676447088,83.98686246802373,12.520458670885318,-0.9383974393114443,False
180,6,0.4,7,0.6,85.22427440633246,83.00433289142157,71.64840676447088,83.98686246802373,13.575867641861578,-0.9825295766021611,False
180,6,0.4,7,0.7,85.22427440633246,83.00433289142157,71.64840676447088,83.98686246802373,13.575867641861578,-0.9825295766021611,False
180,6,0.4,10,0.5,84.96042216358839,83.08303013148209,71.64840676447088,83.98686246802373,13.312015399117513,-0.9038323365416403,False
180,6,0.4,10,0.6,85.75197889182058,82.95109668290222,71.64840676447088,83.98686246802373,14.103572127349707,-1.0357657851215123,False
180,6,0.4,10,0.7,87.33509234828496,82.9054013637829,71.64840676447088,83.98686246802373,15.686685583814082,-1.0814611042408302,False
180,8,0.2,5,0.5,84.1688654353562,83.02098347949452,71.64840676447088,83.98686246802373,12.520458670885318,-0.9658789885292123,False
180,8,0.2,5,0.6,86.01583113456465,83.16493790155144,71.64840676447088,83.98686246802373,14.367424370093772,-0.8219245664722905,False
180,8,0.2,5,0.7,86.01583113456465,82.95032098825898,71.64840676447088,83.98686246802373,14.367424370093772,-1.0365414797647503,False
180,8,0.2,7,0.5,83.11345646437994,83.05143535733454,71.64840676447088,83.98686246802373,11.46504969990906,-0.93542711068919,False
180,8,0.2,7,0.6,84.43271767810026,83.00229393734216,71.64840676447088,83.98686246802373,12.784310913629383,-0.984568530681571,False
180,8,0.2,7,0.7,84.43271767810026,83.00229393734216,71.64840676447088,83.98686246802373,12.784310913629383,-0.984568530681571,False
180,8,0.2,10,0.5,83.37730870712402,83.08959510297683,71.64840676447088,83.98686246802373,11.728901942653138,-0.8972673650469005,False
180,8,0.2,10,0.6,84.69656992084433,82.95257298440521,71.64840676447088,83.98686246802373,13.048163156373448,-1.0342894836185224,False
180,8,0.2,10,0.7,86.54353562005277,82.90616343414086,71.64840676447088,83.98686246802373,14.895128855581888,-1.0806990338828655,False
180,8,0.3,5,0.5,84.1688654353562,83.02373582102605,71.64840676447088,83.98686246802373,12.520458670885318,-0.9631266469976794,False
180,8,0.3,5,0.6,86.01583113456465,83.16800288216366,71.64840676447088,83.98686246802373,14.367424370093772,-0.8188595858600678,False
180,8,0.3,5,0.7,86.01583113456465,82.95332107708835,71.64840676447088,83.98686246802373,14.367424370093772,-1.0335413909353832,False
180,8,0.3,7,0.5,83.37730870712402,83.05160550331556,71.64840676447088,83.98686246802373,11.728901942653138,-0.9352569647081737,False
180,8,0.3,7,0.6,84.96042216358839,83.00403980333483,71.64840676447088,83.98686246802373,13.312015399117513,-0.9828226646888965,False
180,8,0.3,7,0.7,84.96042216358839,83.00403980333483,71.64840676447088,83.98686246802373,13.312015399117513,-0.9828226646888965,False
180,8,0.3,10,0.5,84.69656992084433,83.08784477009839,71.64840676447088,83.98686246802373,13.048163156373448,-0.8990176979253448,False
180,8,0.3,10,0.6,84.96042216358839,82.95250163215553,71.64840676447088,83.98686246802373,13.312015399117513,-1.034360835868199,False
180,8,0.3,10,0.7,87.0712401055409,82.90710682125324,71.64840676447088,83.98686246802373,15.422833341070017,-1.0797556467704936,False
180,8,0.4,5,0.5,84.69656992084433,83.02417989572268,71.64840676447088,83.98686246802373,13.048163156373448,-0.9626825723010484,False
180,8,0.4,5,0.6,86.01583113456465,83.1690149407454,71.64840676447088,83.98686246802373,14.367424370093772,-0.8178475272783317,False
180,8,0.4,5,0.7,86.2796833773087,82.95534853084335,71.64840676447088,83.98686246802373,14.631276612837823,-1.031513937180378,False
180,8,0.4,7,0.5,83.64116094986808,83.04990435429012,71.64840676447088,83.98686246802373,11.992754185397203,-0.9369581137336098,False
180,8,0.4,7,0.6,85.22427440633246,83.00503754278107,71.64840676447088,83.98686246802373,13.575867641861578,-0.9818249252426625,False
180,8,0.4,7,0.7,85.22427440633246,83.00503754278107,71.64840676447088,83.98686246802373,13.575867641861578,-0.9818249252426625,False
180,8,0.4,10,0.5,84.96042216358839,83.08494560546475,71.64840676447088,83.98686246802373,13.312015399117513,-0.9019168625589771,False
180,8,0.4,10,0.6,85.75197889182058,82.95219361590605,71.64840676447088,83.98686246802373,14.103572127349707,-1.034668852117676,False
180,8,0.4,10,0.7,87.33509234828496,82.90641647765278,71.64840676447088,83.98686246802373,15.686685583814082,-1.0804459903709471,False
